"Model","Predictor","Trait","Lab","Sex","Population","Estimate","SE"
"lmer","pop","CCRT","Vieira","F","AK",1582.02174233432,64.3507412678998
"lmer","pop","CCRT","Vieira","F","GI",1526.9085044929,76.7920667705699
"lmer","pop","CCRT","Vieira","F","KA",1388.13775795027,63.067062469647
"lmer","pop","CCRT","Vieira","F","MA",1294.8292895956,64.9103115747244
"lmer","pop","CCRT","Vieira","F","MU",1532.41378330464,68.0113532351333
"lmer","pop","CCRT","Vieira","F","RE",1434.20633407269,67.8845436958058
"lmer","pop","CCRT","Vieira","F","UM",1714.00041679648,66.0005500730195
"lmer","pop","CCRT","Vieira","F","VA",1401.56576002652,65.0970287020304
"lmer","pop","CCRT","Vieira","F","YE",1482.00072046838,62.4702418421159
"lmer","pop","CCRT","Mensch","F","AK",1833.37097663517,85.0156384558416
"lmer","pop","CCRT","Mensch","F","GI",1499.03686890285,100.330981112381
"lmer","pop","CCRT","Mensch","F","KA",1654.98123080002,85.1639784929012
"lmer","pop","CCRT","Mensch","F","MA",1793.62199258261,85.6067932009894
"lmer","pop","CCRT","Mensch","F","MU",1772.27855388989,86.6955047260201
"lmer","pop","CCRT","Mensch","F","RE",1653.8065867736,94.3901429760241
"lmer","pop","CCRT","Mensch","F","UM",1883.20347649398,92.3214621620197
"lmer","pop","CCRT","Mensch","F","VA",1720.23711676145,85.6792988167742
"lmer","pop","CCRT","Mensch","F","YE",1900.44698022351,87.7480367645609
"lmer","pop","CCRT","Vieira","M","AK",1563.50833333342,60.0927672170851
"lmer","pop","CCRT","Vieira","M","GI",1844.85897435897,74.5359043250205
"lmer","pop","CCRT","Vieira","M","KA",1445.65226329209,60.5041014943613
"lmer","pop","CCRT","Vieira","M","MA",1329.62440660003,60.194841674974
"lmer","pop","CCRT","Vieira","M","MU",1694.40833333333,60.0927672170836
"lmer","pop","CCRT","Vieira","M","RE",1563.65016911579,67.3284973869522
"lmer","pop","CCRT","Vieira","M","UM",1578.36346974756,61.8749555239499
"lmer","pop","CCRT","Vieira","M","VA",1505.40061128789,60.2974195418457
"lmer","pop","CCRT","Vieira","M","YE",1653.14351267445,60.6082136818365
"lmer","pop","CCRT","Mensch","M","AK",1783.65386197409,81.4461463468853
"lmer","pop","CCRT","Mensch","M","GI",1644.1702254859,94.4242910927319
"lmer","pop","CCRT","Mensch","M","KA",1761.3058023076,82.0216242006333
"lmer","pop","CCRT","Mensch","M","MA",1638.76179882595,81.0054005131416
"lmer","pop","CCRT","Mensch","M","MU",1683.58917809851,82.2063998818275
"lmer","pop","CCRT","Mensch","M","RE",1507.0964399229,88.6092534073882
"lmer","pop","CCRT","Mensch","M","UM",1674.21163115122,87.5429526886186
"lmer","pop","CCRT","Mensch","M","VA",1565.80421330099,81.7632901481655
"lmer","pop","CCRT","Mensch","M","YE",1828.84735743103,88.3296684389214
"lmer","pop","CSM","Gonzalez","F","AK",1.32326391726312,0.0540530379236886
"lmer","pop","CSM","Gonzalez","F","GI",1.15116680537529,0.0595384073364142
"lmer","pop","CSM","Gonzalez","F","KA",1.23515564411019,0.0585323498273632
"lmer","pop","CSM","Gonzalez","F","MA",1.23606678307624,0.054209340605308
"lmer","pop","CSM","Gonzalez","F","MU",1.28762321383996,0.054514140287524
"lmer","pop","CSM","Gonzalez","F","RE",1.21306979960417,0.0571041480997818
"lmer","pop","CSM","Gonzalez","F","UM",1.13022093467611,0.0603819879593455
"lmer","pop","CSM","Gonzalez","F","VA",1.20543483157613,0.0545312749600601
"lmer","pop","CSM","Gonzalez","F","YE",1.26155873375138,0.053642052576944
"lmer","pop","CSM","Kozeretska","F","AK",0.884561754063472,0.146083993612122
"lmer","pop","CSM","Kozeretska","F","GI",0.80701651924379,0.164216964589678
"lmer","pop","CSM","Kozeretska","F","KA",0.75090202665576,0.153370110165883
"lmer","pop","CSM","Kozeretska","F","MA",0.761953972884209,0.149066155025598
"lmer","pop","CSM","Kozeretska","F","MU",0.813873035142654,0.147999345274477
"lmer","pop","CSM","Kozeretska","F","RE",0.776673352002745,0.15343729044396
"lmer","pop","CSM","Kozeretska","F","UM",0.696475643657906,0.156825275813565
"lmer","pop","CSM","Kozeretska","F","VA",0.816488672929702,0.14594043007189
"lmer","pop","CSM","Kozeretska","F","YE",0.815826055410267,0.153174299762664
"lmer","pop","CSM","Vieira","F","AK",1.26857489731458,0.0497879199038661
"lmer","pop","CSM","Vieira","F","GI",1.23291982579104,0.0607915282362148
"lmer","pop","CSM","Vieira","F","KA",1.32685714968529,0.0508822319353603
"lmer","pop","CSM","Vieira","F","MA",1.26647586591868,0.0511575031248272
"lmer","pop","CSM","Vieira","F","MU",1.27353868651928,0.0521574153101291
"lmer","pop","CSM","Vieira","F","RE",1.24604804257026,0.057948369914387
"lmer","pop","CSM","Vieira","F","UM",1.15690483553297,0.0514730031599445
"lmer","pop","CSM","Vieira","F","VA",1.39068693411788,0.0522793974630656
"lmer","pop","CSM","Vieira","F","YE",1.28532151426356,0.0523684676384103
"lmer","pop","CSM","Gonzalez","M","AK",0.890522406572363,0.078919621984504
"lmer","pop","CSM","Gonzalez","M","GI",0.965505594695036,0.0838193860909724
"lmer","pop","CSM","Gonzalez","M","KA",0.989456982448719,0.0827766302459794
"lmer","pop","CSM","Gonzalez","M","MA",0.917343654502769,0.0790955407097125
"lmer","pop","CSM","Gonzalez","M","MU",0.89981191691954,0.0793816650139545
"lmer","pop","CSM","Gonzalez","M","RE",0.894923785550766,0.0814563893194028
"lmer","pop","CSM","Gonzalez","M","UM",0.833463669221556,0.0844663329261377
"lmer","pop","CSM","Gonzalez","M","VA",0.86990843683833,0.0793932923999639
"lmer","pop","CSM","Gonzalez","M","YE",1.03650716770512,0.078530015615319
"lmer","pop","CSM","Kozeretska","M","AK",1.14119667562942,0.147741252147827
"lmer","pop","CSM","Kozeretska","M","GI",1.15021507233445,0.162745602873186
"lmer","pop","CSM","Kozeretska","M","KA",0.998494105095524,0.153528146624924
"lmer","pop","CSM","Kozeretska","M","MA",1.09161219360597,0.150244336108273
"lmer","pop","CSM","Kozeretska","M","MU",1.01370211355105,0.149287560486143
"lmer","pop","CSM","Kozeretska","M","RE",1.0525360883113,0.153259152469287
"lmer","pop","CSM","Kozeretska","M","UM",1.01052788812305,0.156039905006532
"lmer","pop","CSM","Kozeretska","M","VA",1.05659940711968,0.147462321464222
"lmer","pop","CSM","Kozeretska","M","YE",1.19122768084764,0.153789411428704
"lmer","pop","CSM","Vieira","M","AK",1.04461688193617,0.0680975426240872
"lmer","pop","CSM","Vieira","M","GI",1.09046888786246,0.0821351914180584
"lmer","pop","CSM","Vieira","M","KA",1.11431386592135,0.0707109698791586
"lmer","pop","CSM","Vieira","M","MA",1.06176832873268,0.0724627245718988
"lmer","pop","CSM","Vieira","M","MU",1.28278640503769,0.0722844625823187
"lmer","pop","CSM","Vieira","M","RE",1.10276765445267,0.0830950121125032
"lmer","pop","CSM","Vieira","M","UM",1.01805408461419,0.0704852426366835
"lmer","pop","CSM","Vieira","M","VA",1.14022817943428,0.0739681107593138
"lmer","pop","CSM","Vieira","M","YE",1.3308789215787,0.0744330075795965
"lmer","pop","DT_P","Schmidt","NA","AK",127.502046525264,2.86684416517006
"lmer","pop","DT_P","Schmidt","NA","GI",140.422391647101,3.74202930088331
"lmer","pop","DT_P","Schmidt","NA","KA",127.292288931061,2.88276821567365
"lmer","pop","DT_P","Schmidt","NA","MA",132.003669544701,2.95608330498785
"lmer","pop","DT_P","Schmidt","NA","MU",129.729903143323,2.86457010549383
"lmer","pop","DT_P","Schmidt","NA","RE",135.269759066547,3.34679375979697
"lmer","pop","DT_P","Schmidt","NA","UM",131.160825938646,3.29889705776366
"lmer","pop","DT_P","Schmidt","NA","VA",140.765350579933,2.96567583912474
"lmer","pop","DT_P","Schmidt","NA","YE",135.200245975657,2.89049290909694
"lmer","pop","DT_A","Gibert","F","AK",222.379651711481,1.57097131786607
"lmer","pop","DT_A","Gibert","F","GI",226.71635510077,1.80965471327477
"lmer","pop","DT_A","Gibert","F","KA",223.357831663018,1.60366997663945
"lmer","pop","DT_A","Gibert","F","MA",222.089753133096,1.6079865748245
"lmer","pop","DT_A","Gibert","F","MU",223.6874170032,1.60289556797205
"lmer","pop","DT_A","Gibert","F","RE",227.851521991918,1.77068244216396
"lmer","pop","DT_A","Gibert","F","UM",225.48550729894,1.67025040698835
"lmer","pop","DT_A","Gibert","F","VA",223.889446650254,1.60953309038662
"lmer","pop","DT_A","Gibert","F","YE",217.801865863262,1.63023752860123
"lmer","pop","DT_A","Grath","F","AK",309.625713870422,1.72222169034936
"lmer","pop","DT_A","Grath","F","MU",305.630595684809,1.75633829805001
"lmer","pop","DT_A","Grath","F","RE",321.616198159429,3.61320824156283
"lmer","pop","DT_A","Hoedjes","F","AK",231.278110894337,1.28955021760392
"lmer","pop","DT_A","Hoedjes","F","GI",237.943654601447,1.48632578464265
"lmer","pop","DT_A","Hoedjes","F","KA",231.098325236221,1.29766792577392
"lmer","pop","DT_A","Hoedjes","F","MA",233.211074969664,1.30299912293928
"lmer","pop","DT_A","Hoedjes","F","MU",229.50105441886,1.29576628644406
"lmer","pop","DT_A","Hoedjes","F","RE",237.728140296062,1.4871426798575
"lmer","pop","DT_A","Hoedjes","F","UM",232.195331007551,1.39750546907322
"lmer","pop","DT_A","Hoedjes","F","VA",229.880376176502,1.30600644141077
"lmer","pop","DT_A","Hoedjes","F","YE",233.176619370518,1.32175351435901
"lmer","pop","DT_A","Schmidt","F","AK",218.13853571685,4.50351269966844
"lmer","pop","DT_A","Schmidt","F","GI",226.606476160903,6.22938057841099
"lmer","pop","DT_A","Schmidt","F","KA",220.027363022528,4.62182247249293
"lmer","pop","DT_A","Schmidt","F","MA",224.371840283376,4.6488758507449
"lmer","pop","DT_A","Schmidt","F","MU",221.156751814936,4.4907332573221
"lmer","pop","DT_A","Schmidt","F","RE",230.049501202107,5.29960929332881
"lmer","pop","DT_A","Schmidt","F","UM",222.181768669487,5.16778030259673
"lmer","pop","DT_A","Schmidt","F","VA",245.627440427769,4.58713426091376
"lmer","pop","DT_A","Schmidt","F","YE",222.365070758441,4.58159494780488
"lmer","pop","DT_A","StamenkovicRadak","F","AK",237.623492060479,4.73423631609403
"lmer","pop","DT_A","StamenkovicRadak","F","GI",245.089214475701,5.31841979734625
"lmer","pop","DT_A","StamenkovicRadak","F","KA",229.150624243191,4.66562761693036
"lmer","pop","DT_A","StamenkovicRadak","F","MA",246.25045094022,4.69288306461054
"lmer","pop","DT_A","StamenkovicRadak","F","MU",237.559167174749,4.66620979465235
"lmer","pop","DT_A","StamenkovicRadak","F","RE",255.34660736894,4.97584815200482
"lmer","pop","DT_A","StamenkovicRadak","F","UM",252.917281099897,4.81613163306888
"lmer","pop","DT_A","StamenkovicRadak","F","VA",251.781293633076,4.74952217830084
"lmer","pop","DT_A","StamenkovicRadak","F","YE",240.080127993044,4.69157981333909
"lmer","pop","DT_A","Zwaan","F","AK",220.748109521818,2.21334260322363
"lmer","pop","DT_A","Zwaan","F","GI",224.866710024662,2.33597400887303
"lmer","pop","DT_A","Zwaan","F","KA",223.319533528131,2.21631659000158
"lmer","pop","DT_A","Zwaan","F","MA",224.219555233662,2.21562663728836
"lmer","pop","DT_A","Zwaan","F","MU",222.125835942283,2.22850758811977
"lmer","pop","DT_A","Zwaan","F","RE",226.260937696387,2.30159018967305
"lmer","pop","DT_A","Zwaan","F","UM",222.349039971495,2.2510149482941
"lmer","pop","DT_A","Zwaan","F","VA",224.948254600444,2.22086640560502
"lmer","pop","DT_A","Zwaan","F","YE",221.280318449722,2.24840264921677
"lmer","pop","DT_A","Gibert","M","AK",226.515493890296,1.41195550933656
"lmer","pop","DT_A","Gibert","M","GI",231.876047085808,1.63429818986877
"lmer","pop","DT_A","Gibert","M","KA",227.223228484017,1.436762839739
"lmer","pop","DT_A","Gibert","M","MA",225.300171467552,1.44463859187033
"lmer","pop","DT_A","Gibert","M","MU",227.801149420762,1.43439079889546
"lmer","pop","DT_A","Gibert","M","RE",228.583625311801,1.58344318467683
"lmer","pop","DT_A","Gibert","M","UM",229.772919606056,1.50131979494818
"lmer","pop","DT_A","Gibert","M","VA",228.383219187411,1.44105338219312
"lmer","pop","DT_A","Gibert","M","YE",223.520357672466,1.46352215575833
"lmer","pop","DT_A","Grath","M","AK",317.567231623559,2.34869660429173
"lmer","pop","DT_A","Grath","M","MU",312.147552080406,2.36048587190168
"lmer","pop","DT_A","Grath","M","RE",324.29769540054,4.41473769059421
"lmer","pop","DT_A","Hoedjes","M","AK",238.685276437438,1.46609730476229
"lmer","pop","DT_A","Hoedjes","M","GI",244.646647046426,1.65577742986142
"lmer","pop","DT_A","Hoedjes","M","KA",236.152772388059,1.47010742001559
"lmer","pop","DT_A","Hoedjes","M","MA",239.367430914031,1.46470857548182
"lmer","pop","DT_A","Hoedjes","M","MU",236.531419346157,1.46635704516179
"lmer","pop","DT_A","Hoedjes","M","RE",244.438420585831,1.66690568716202
"lmer","pop","DT_A","Hoedjes","M","UM",237.762350725575,1.5679333311587
"lmer","pop","DT_A","Hoedjes","M","VA",235.826133989734,1.47291742133907
"lmer","pop","DT_A","Hoedjes","M","YE",239.204243776033,1.50215181994364
"lmer","pop","DT_A","Schmidt","M","AK",226.013051632149,4.74302293905039
"lmer","pop","DT_A","Schmidt","M","GI",243.117151392088,6.59894191245411
"lmer","pop","DT_A","Schmidt","M","KA",219.913391418933,4.87582756575076
"lmer","pop","DT_A","Schmidt","M","MA",228.74115057674,4.93141703809559
"lmer","pop","DT_A","Schmidt","M","MU",226.71635454097,4.87143264300229
"lmer","pop","DT_A","Schmidt","M","RE",231.650874977275,5.6365136790342
"lmer","pop","DT_A","Schmidt","M","UM",229.104731025366,5.46413158031598
"lmer","pop","DT_A","Schmidt","M","VA",250.048470632707,4.93202853864741
"lmer","pop","DT_A","Schmidt","M","YE",225.937511617278,4.86139533571419
"lmer","pop","DT_A","StamenkovicRadak","M","AK",242.718169286812,4.58376783296878
"lmer","pop","DT_A","StamenkovicRadak","M","GI",251.723726144218,5.16386914249467
"lmer","pop","DT_A","StamenkovicRadak","M","KA",234.825028241898,4.51899394073669
"lmer","pop","DT_A","StamenkovicRadak","M","MA",250.467647671241,4.53810112386912
"lmer","pop","DT_A","StamenkovicRadak","M","MU",244.123921625587,4.51785281100245
"lmer","pop","DT_A","StamenkovicRadak","M","RE",259.635467175213,4.82328231904859
"lmer","pop","DT_A","StamenkovicRadak","M","UM",257.08296797908,4.67797527083758
"lmer","pop","DT_A","StamenkovicRadak","M","VA",259.384128060136,4.59878785745869
"lmer","pop","DT_A","StamenkovicRadak","M","YE",246.042737890178,4.54368218964585
"lmer","pop","DT_A","Zwaan","M","AK",225.735763868416,2.48771558229559
"lmer","pop","DT_A","Zwaan","M","GI",229.333454684426,2.61538978350189
"lmer","pop","DT_A","Zwaan","M","KA",226.968875095229,2.48515807551067
"lmer","pop","DT_A","Zwaan","M","MA",227.755386916341,2.49077834985106
"lmer","pop","DT_A","Zwaan","M","MU",225.545155453146,2.49642660303521
"lmer","pop","DT_A","Zwaan","M","RE",229.915357211673,2.5828567819678
"lmer","pop","DT_A","Zwaan","M","UM",225.065255696331,2.52408105338951
"lmer","pop","DT_A","Zwaan","M","VA",227.789304417646,2.49502342433896
"lmer","pop","DT_A","Zwaan","M","YE",223.11414383452,2.52239893876865
"lmer","pop","Dia","Bergland","F","AK",0.832722400952812,0.0749267606627989
"lmer","pop","Dia","Bergland","F","GI",0.847858555619323,0.0801852725849588
"lmer","pop","Dia","Bergland","F","KA",0.91417263520063,0.0674628725739957
"lmer","pop","Dia","Bergland","F","MA",1.02392975287758,0.0715968791450842
"lmer","pop","Dia","Bergland","F","MU",1.02326228062965,0.0707061658114937
"lmer","pop","Dia","Bergland","F","RE",0.866023759460741,0.082861731485539
"lmer","pop","Dia","Bergland","F","UM",1.13908930775044,0.0765786445040196
"lmer","pop","Dia","Bergland","F","VA",1.131637894819,0.0707217867425084
"lmer","pop","Dia","Bergland","F","YE",1.02197542686463,0.0686402987386293
"lm","pop","Dia","Flatt","F","AK",1.43111607320467,0.0413999580828562
"lm","pop","Dia","Flatt","F","GI",1.44025016792716,0.0494824143258743
"lm","pop","Dia","Flatt","F","KA",1.49494238255734,0.0413999580828561
"lm","pop","Dia","Flatt","F","MA",1.43396632157563,0.0424754607702432
"lm","pop","Dia","Flatt","F","MU",1.50840170870361,0.041399958082856
"lm","pop","Dia","Flatt","F","RE",1.45096088011129,0.0494824143258742
"lm","pop","Dia","Flatt","F","UM",1.52145096496292,0.046286560269454
"lm","pop","Dia","Flatt","F","VA",1.41832119662316,0.041399958082856
"lm","pop","Dia","Flatt","F","YE",1.45876280008367,0.041399958082856
"lmer","pop","Dia","Schlotterer","F","AK",0.810612828557171,0.080704949288245
"lmer","pop","Dia","Schlotterer","F","GI",0.956547192054486,0.0909012552615253
"lmer","pop","Dia","Schlotterer","F","KA",1.02881462213934,0.0811100504647554
"lmer","pop","Dia","Schlotterer","F","MA",1.04006491530581,0.0817269351281465
"lmer","pop","Dia","Schlotterer","F","MU",1.0578718400815,0.0812424081002614
"lmer","pop","Dia","Schlotterer","F","RE",1.025416679778,0.0919323288508071
"lmer","pop","Dia","Schlotterer","F","UM",1.26294901471155,0.0923566853878167
"lmer","pop","Dia","Schlotterer","F","VA",1.06466433061756,0.0890696551400626
"lmer","pop","Dia","Schlotterer","F","YE",0.996363581226347,0.0825143422200077
"lmer","pop","DW","Colinet","F","AK",0.468729598926674,0.0118576804632041
"lmer","pop","DW","Colinet","F","GI",0.479901408833969,0.0131042584576877
"lmer","pop","DW","Colinet","F","KA",0.498884472864863,0.012202880762589
"lmer","pop","DW","Colinet","F","MA",0.502023148147714,0.0121792933043578
"lmer","pop","DW","Colinet","F","MU",0.484496265593233,0.0118576804632104
"lmer","pop","DW","Colinet","F","RE",0.515191503003609,0.0131033927939974
"lmer","pop","DW","Colinet","F","UM",0.501428880977537,0.0126835425793433
"lmer","pop","DW","Colinet","F","VA",0.497251139531524,0.012202880762589
"lmer","pop","DW","Colinet","F","YE",0.480904077217181,0.0118581567658261
"lmer","pop","DW","Hoedjes","F","AK",0.437372916666587,0.00940447675168001
"lmer","pop","DW","Hoedjes","F","GI",0.448304820312758,0.0105719978344778
"lmer","pop","DW","Hoedjes","F","KA",0.458818493811157,0.00940501227939461
"lmer","pop","DW","Hoedjes","F","MA",0.443135528791993,0.0094056039534813
"lmer","pop","DW","Hoedjes","F","MU",0.456748786271269,0.00940205650348465
"lmer","pop","DW","Hoedjes","F","RE",0.465469976473468,0.0105632477884799
"lmer","pop","DW","Hoedjes","F","UM",0.44996234256474,0.0100336577913064
"lmer","pop","DW","Hoedjes","F","VA",0.473100781891453,0.00940801129653757
"lmer","pop","DW","Hoedjes","F","YE",0.442164506366704,0.00942582248588343
"lmer","pop","DW","Onder","F","AK",0.425376804889413,0.01032311831594
"lmer","pop","DW","Onder","F","GI",0.438757874481956,0.0112947690395425
"lmer","pop","DW","Onder","F","KA",0.46032299957888,0.0103275473358744
"lmer","pop","DW","Onder","F","MA",0.469668471556218,0.0103231183159374
"lmer","pop","DW","Onder","F","MU",0.440493523154383,0.0102770481895188
"lmer","pop","DW","Onder","F","RE",0.469778744967212,0.0110612684566728
"lmer","pop","DW","Onder","F","UM",0.463451613384669,0.0108212912989768
"lmer","pop","DW","Onder","F","VA",0.473314688303743,0.0102549794086303
"lmer","pop","DW","Onder","F","YE",0.429171893425924,0.0106228708994769
"lmer","pop","DW","Colinet","M","AK",0.259471271485426,0.00433567742606129
"lmer","pop","DW","Colinet","M","GI",0.260406219239516,0.00500940245846091
"lmer","pop","DW","Colinet","M","KA",0.279120934095891,0.00433567742606106
"lmer","pop","DW","Colinet","M","MA",0.271789351851855,0.0045698114965817
"lmer","pop","DW","Colinet","M","MU",0.272112500000001,0.00433530384204628
"lmer","pop","DW","Colinet","M","RE",0.27605,0.00500597768044847
"lmer","pop","DW","Colinet","M","UM",0.275830882352939,0.00470229723619039
"lmer","pop","DW","Colinet","M","VA",0.267546684457516,0.00433567742606106
"lmer","pop","DW","Colinet","M","YE",0.249188722474952,0.00433570502715181
"lmer","pop","DW","Hoedjes","M","AK",0.263654567929096,0.00634157415642547
"lmer","pop","DW","Hoedjes","M","GI",0.26588621385615,0.006860729923598
"lmer","pop","DW","Hoedjes","M","KA",0.274426746726072,0.00634042390556024
"lmer","pop","DW","Hoedjes","M","MA",0.266814910696168,0.00632964465145102
"lmer","pop","DW","Hoedjes","M","MU",0.269200376255851,0.00634177381424901
"lmer","pop","DW","Hoedjes","M","RE",0.269957039800128,0.00688519404885008
"lmer","pop","DW","Hoedjes","M","UM",0.265389306909966,0.00663065367256314
"lmer","pop","DW","Hoedjes","M","VA",0.272305444646743,0.00631956905179085
"lmer","pop","DW","Hoedjes","M","YE",0.264694966713738,0.00633354605206327
"lmer","pop","DW","Onder","M","AK",0.255120692338971,0.00650494038316429
"lmer","pop","DW","Onder","M","GI",0.251169265130186,0.00710338897270273
"lmer","pop","DW","Onder","M","KA",0.263026791977654,0.00650784732839036
"lmer","pop","DW","Onder","M","MA",0.271704378226455,0.00650463134882638
"lmer","pop","DW","Onder","M","MU",0.261927644012623,0.00647809605966696
"lmer","pop","DW","Onder","M","RE",0.26486622635502,0.00696045571540651
"lmer","pop","DW","Onder","M","UM",0.26788216723547,0.00681307818450794
"lmer","pop","DW","Onder","M","VA",0.266348048312632,0.00646474403288383
"lmer","pop","DW","Onder","M","YE",0.252248317019541,0.00669044917954295
"lmer","pop","Fec","Billeter","F","AK",97.067079406603,9.15479905409094
"lmer","pop","Fec","Billeter","F","GI",74.193385341163,10.4648933664679
"lmer","pop","Fec","Billeter","F","KA",109.970362850032,9.12849568475423
"lmer","pop","Fec","Billeter","F","MA",99.1196002990315,9.86798459212914
"lmer","pop","Fec","Billeter","F","MU",93.8424544805221,9.54751332842573
"lmer","pop","Fec","Billeter","F","RE",67.8538074348257,10.896591898689
"lmer","pop","Fec","Billeter","F","UM",102.826666666667,10.5374640305714
"lmer","pop","Fec","Billeter","F","VA",86.3332862946956,9.08054279978782
"lmer","pop","Fec","Billeter","F","YE",63.9366984711255,9.17891261451632
"lmer","pop","Fec","Fricke","F","AK",61.0780193429492,6.80637325563345
"lmer","pop","Fec","Fricke","F","GI",50.0402779406159,7.39968435268064
"lmer","pop","Fec","Fricke","F","KA",50.7965512665477,6.6454012853664
"lmer","pop","Fec","Fricke","F","MA",55.990609519637,6.54560113991664
"lmer","pop","Fec","Fricke","F","MU",56.8858337344434,6.6823702767946
"lmer","pop","Fec","Fricke","F","RE",57.3414876231764,7.31551986338668
"lmer","pop","Fec","Fricke","F","UM",47.0003745368246,6.87659653781
"lmer","pop","Fec","Fricke","F","VA",53.8885232595347,6.64945112695113
"lmer","pop","Fec","Fricke","F","YE",53.2088906296768,6.62611395753453
"lmer","pop","HSM","Parsch","F","AK",394.107974937708,25.0876652431553
"lmer","pop","HSM","Parsch","F","GI",337.50455604659,24.5115221576488
"lmer","pop","HSM","Parsch","F","KA",369.68902393966,24.5730635747213
"lmer","pop","HSM","Parsch","F","MA",421.920620581849,25.2150459475461
"lmer","pop","HSM","Parsch","F","MU",400.14345828573,24.5864707646433
"lmer","pop","HSM","Parsch","F","RE",323.231887851289,24.4090225181534
"lmer","pop","HSM","Parsch","F","UM",395.050160638931,25.3713330101118
"lmer","pop","HSM","Parsch","F","VA",384.984642775628,25.4135496590179
"lmer","pop","HSM","Parsch","F","YE",312.131096698231,24.1877414912204
"lmer","pop","HSM","Vieira","F","AK",362.738912230308,5.72900106585395
"lmer","pop","HSM","Vieira","F","GI",333.996329900921,6.52958770342557
"lmer","pop","HSM","Vieira","F","KA",363.872498342773,6.03317620380407
"lmer","pop","HSM","Vieira","F","MA",372.450610507652,5.80159053232206
"lmer","pop","HSM","Vieira","F","MU",331.900283785168,5.40811341836057
"lmer","pop","HSM","Vieira","F","RE",377.147198249797,6.57379089958537
"lmer","pop","HSM","Vieira","F","UM",364.562663449509,5.82830198329718
"lmer","pop","HSM","Vieira","F","VA",357.419017593505,5.51727190253663
"lmer","pop","HSM","Vieira","F","YE",362.175513535311,5.68732864009083
"lmer","pop","HSM","Parsch","M","AK",382.380224493639,25.9950183365633
"lmer","pop","HSM","Parsch","M","GI",285.061832523094,26.0006961767813
"lmer","pop","HSM","Parsch","M","KA",339.670233272902,25.9468826039625
"lmer","pop","HSM","Parsch","M","MA",387.411564839613,26.0046775757547
"lmer","pop","HSM","Parsch","M","MU",352.286100234086,25.9471866003394
"lmer","pop","HSM","Parsch","M","RE",263.135389128366,25.9504330723937
"lmer","pop","HSM","Parsch","M","UM",369.252725725731,26.2519447227925
"lmer","pop","HSM","Parsch","M","VA",353.081869021315,26.2448082543391
"lmer","pop","HSM","Parsch","M","YE",257.98210608724,25.7941521387771
"lmer","pop","HSM","Vieira","M","AK",343.597214832189,9.40669083566098
"lmer","pop","HSM","Vieira","M","GI",277.185694341649,11.1692595359121
"lmer","pop","HSM","Vieira","M","KA",326.787051930491,9.78942119366237
"lmer","pop","HSM","Vieira","M","MA",319.604861189006,10.2443625623836
"lmer","pop","HSM","Vieira","M","MU",306.20194019397,9.86930429381882
"lmer","pop","HSM","Vieira","M","RE",327.221001357534,11.8972457451098
"lmer","pop","HSM","Vieira","M","UM",314.506130884785,9.64560697195123
"lmer","pop","HSM","Vieira","M","VA",320.015641190187,10.4340258331719
"lmer","pop","HSM","Vieira","M","YE",324.994921862007,10.4581636114477
"lmer","pop","LS","Flatt","F","AK",60.0334083471987,0.913188602177636
"lmer","pop","LS","Flatt","F","GI",42.9476510696144,0.894549478436799
"lmer","pop","LS","Flatt","F","KA",55.4245728549657,0.897220677995132
"lmer","pop","LS","Flatt","F","MA",50.5195038484177,0.907358112300715
"lmer","pop","LS","Flatt","F","MU",57.4201509703876,0.910317968240499
"lmer","pop","LS","Flatt","F","RE",45.6074076641402,0.903840027616973
"lmer","pop","LS","Flatt","F","UM",51.6707988516064,0.920765096702145
"lmer","pop","LS","Flatt","F","VA",56.2710886458523,0.9109429708573
"lmer","pop","LS","Flatt","F","YE",49.6624212036329,0.901090326164107
"lmer","pop","LS","Parsch","F","AK",59.6254002624653,2.99951182963867
"lmer","pop","LS","Parsch","F","GI",54.9091890452623,3.00565750038223
"lmer","pop","LS","Parsch","F","KA",56.8662492693028,3.00339774116221
"lmer","pop","LS","Parsch","F","MA",47.306385648494,3.01067953873076
"lmer","pop","LS","Parsch","F","MU",54.0138531960151,3.0034708849
"lmer","pop","LS","Parsch","F","RE",46.4384279345311,3.00142856936216
"lmer","pop","LS","Parsch","F","UM",49.0834928269676,3.00392806042859
"lmer","pop","LS","Parsch","F","VA",56.4202896885996,2.99698736157924
"lmer","pop","LS","Parsch","F","YE",54.5916888659617,3.00747835134398
"lmer","pop","LS","Pasyukova","F","AK",43.6937500000375,1.21326995181792
"lmer","pop","LS","Pasyukova","F","GI",43.5605769230764,1.57832743681955
"lmer","pop","LS","Pasyukova","F","KA",46.4793749999977,1.27248826068503
"lmer","pop","LS","Pasyukova","F","MA",43.3337499999977,1.27248826068503
"lmer","pop","LS","Pasyukova","F","MU",43.6374999999998,1.27248826068506
"lmer","pop","LS","Pasyukova","F","RE",43.895312499999,1.42268512573112
"lmer","pop","LS","Pasyukova","F","UM",39.0402777777762,1.34132039986361
"lmer","pop","LS","Pasyukova","F","VA",43.7718749999976,1.27248826068503
"lmer","pop","LS","Pasyukova","F","YE",41.0212499999978,1.27248826068503
"lmer","pop","LS","Flatt","M","AK",51.6193724407008,0.873940234299286
"lmer","pop","LS","Flatt","M","GI",50.8448055814112,0.850720794770603
"lmer","pop","LS","Flatt","M","KA",56.0643441963427,0.854294171598216
"lmer","pop","LS","Flatt","M","MA",53.0392734487776,0.850189751440876
"lmer","pop","LS","Flatt","M","MU",55.6447821922464,0.866743657749784
"lmer","pop","LS","Flatt","M","RE",50.4209953126046,0.85100574649731
"lmer","pop","LS","Flatt","M","UM",52.3560219872122,0.853584627988671
"lmer","pop","LS","Flatt","M","VA",52.0357560231378,0.879553792945636
"lmer","pop","LS","Flatt","M","YE",52.3283191841439,0.853142158375161
"lmer","pop","LS","Parsch","M","AK",60.4728775594441,2.08946712018516
"lmer","pop","LS","Parsch","M","GI",51.3687246616379,2.08728066620981
"lmer","pop","LS","Parsch","M","KA",56.794761948721,2.08700075075196
"lmer","pop","LS","Parsch","M","MA",50.9582546576387,2.08913245857869
"lmer","pop","LS","Parsch","M","MU",58.6013863827729,2.07993213737786
"lmer","pop","LS","Parsch","M","RE",49.2206750399913,2.08143320350517
"lmer","pop","LS","Parsch","M","UM",56.8729886459794,2.08886515968398
"lmer","pop","LS","Parsch","M","VA",59.7414205744067,2.08566048640295
"lmer","pop","LS","Parsch","M","YE",51.6755621320386,2.0878152362175
"lmer","pop","LS","Pasyukova","M","AK",50.2818181818668,1.37217366354891
"lmer","pop","LS","Pasyukova","M","GI",47.5682692307694,1.78504325275291
"lmer","pop","LS","Pasyukova","M","KA",53.3149999999985,1.4391478795555
"lmer","pop","LS","Pasyukova","M","MA",47.3649999999985,1.4391478795555
"lmer","pop","LS","Pasyukova","M","MU",50.4099999999998,1.43914787955551
"lmer","pop","LS","Pasyukova","M","RE",48.1124999999995,1.6090162441804
"lmer","pop","LS","Pasyukova","M","UM",43.4201388888881,1.51699506306569
"lmer","pop","LS","Pasyukova","M","VA",49.0887499999984,1.4391478795555
"lmer","pop","LS","Pasyukova","M","YE",44.281448553736,1.43915277256912
"lmer","pop","LA_NDlog2","Tauber","B","AK",-0.450191898942809,0.116141720599808
"lmer","pop","LA_NDlog2","Tauber","B","GI",-0.318829654220643,0.117731757165483
"lmer","pop","LA_NDlog2","Tauber","B","KA",-0.0434395447023114,0.106882544132179
"lmer","pop","LA_NDlog2","Tauber","B","MA",-0.0966114042145743,0.106522021469685
"lmer","pop","LA_NDlog2","Tauber","B","MU",-0.271529139120641,0.122988686415844
"lmer","pop","LA_NDlog2","Tauber","B","RE",-0.225066483001173,0.127431361926573
"lmer","pop","LA_NDlog2","Tauber","B","UM",-0.441446535703833,0.112990836288612
"lmer","pop","LA_NDlog2","Tauber","B","VA",-0.247661088579253,0.11410985615396
"lmer","pop","LA_NDlog2","Tauber","B","YE",0.0418517775849427,0.0857524892670108
"lmer","pop","LA_Period","Tauber","B","AK",24.3240117353228,0.222653059690924
"lmer","pop","LA_Period","Tauber","B","GI",23.5997208206014,0.240167208444536
"lmer","pop","LA_Period","Tauber","B","KA",24.643092100356,0.20369156510007
"lmer","pop","LA_Period","Tauber","B","MA",24.3145796617164,0.206791803635671
"lmer","pop","LA_Period","Tauber","B","MU",23.8124884863856,0.266041551373293
"lmer","pop","LA_Period","Tauber","B","RE",24.109129046714,0.271061776962427
"lmer","pop","LA_Period","Tauber","B","UM",24.5953908275796,0.223640139509161
"lmer","pop","LA_Period","Tauber","B","VA",23.9960594407556,0.215722313601344
"lmer","pop","LA_Period","Tauber","B","YE",24.0942260327892,0.194350164188989
"lmer","pop","LA_CircPhase","Tauber","B","AK",9.21333256028183,0.820350539786255
"lmer","pop","LA_CircPhase","Tauber","B","GI",13.2238347895871,0.886328936808652
"lmer","pop","LA_CircPhase","Tauber","B","KA",13.9821341425159,0.748214279687425
"lmer","pop","LA_CircPhase","Tauber","B","MA",12.8658065409247,0.761354998535744
"lmer","pop","LA_CircPhase","Tauber","B","MU",12.26181588645,0.985833587414874
"lmer","pop","LA_CircPhase","Tauber","B","RE",12.9026611916698,1.00144146885105
"lmer","pop","LA_CircPhase","Tauber","B","UM",10.9657681810606,0.82407011919957
"lmer","pop","LA_CircPhase","Tauber","B","VA",12.8733295287993,0.792622840258267
"lmer","pop","LA_CircPhase","Tauber","B","YE",12.8272211821897,0.720225156353836
"lm","pop","LA_AbsPhase","Tauber","B","AK",11.9932857142857,0.552460235589251
"lm","pop","LA_AbsPhase","Tauber","B","GI",12.863,0.596725255505874
"lm","pop","LA_AbsPhase","Tauber","B","KA",11.4341666666667,0.504324888594752
"lm","pop","LA_AbsPhase","Tauber","B","MA",11.6951219512195,0.510438140748366
"lm","pop","LA_AbsPhase","Tauber","B","MU",13.4857446808511,0.674219199053708
"lm","pop","LA_AbsPhase","Tauber","B","RE",13.73125,0.667159117601036
"lm","pop","LA_AbsPhase","Tauber","B","UM",12.0318309859155,0.548555874046474
"lm","pop","LA_AbsPhase","Tauber","B","VA",13.8239436619718,0.548555874046475
"lm","pop","LA_AbsPhase","Tauber","B","YE",12.6042696629214,0.489953699182734
"lmer","pop","LA_Activity","Tauber","B","AK",30.4574096329741,2.45291101702778
"lmer","pop","LA_Activity","Tauber","B","GI",34.2558793402698,2.45193626671116
"lmer","pop","LA_Activity","Tauber","B","KA",35.7664822486832,2.2433628038039
"lmer","pop","LA_Activity","Tauber","B","MA",37.1822852542192,2.23695767314176
"lmer","pop","LA_Activity","Tauber","B","MU",24.8383745822011,2.4327917784772
"lmer","pop","LA_Activity","Tauber","B","RE",40.0589607804769,2.63439184252631
"lmer","pop","LA_Activity","Tauber","B","UM",26.1906616442832,2.36798155194695
"lmer","pop","LA_Activity","Tauber","B","VA",28.9938562599993,2.39397218760017
"lmer","pop","LA_Activity","Tauber","B","YE",34.7576408665359,1.75738872988391
"lmer","pop","Pgm_T4","Abbott","F","AK",0.378951916725452,0.0146338199546726
"lmer","pop","Pgm_T4","Abbott","F","GI",0.362298476594084,0.0175679703823943
"lmer","pop","Pgm_T4","Abbott","F","KA",0.299102096216335,0.0150727444130307
"lmer","pop","Pgm_T4","Abbott","F","MA",0.47745745797201,0.0154949594782174
"lmer","pop","Pgm_T4","Abbott","F","MU",0.392682290032391,0.0159127644767446
"lmer","pop","Pgm_T4","Abbott","F","RE",0.422239320428203,0.0164325831417157
"lmer","pop","Pgm_T4","Abbott","F","UM",0.379609437912708,0.0154692878054951
"lmer","pop","Pgm_T4","Abbott","F","VA",0.265416309008416,0.0150301472502381
"lmer","pop","Pgm_T4","Abbott","F","YE",0.391149273402729,0.0146987519340426
"lmer","pop","Pgm_T5","Abbott","F","AK",0.42881339199299,0.0131160271296128
"lmer","pop","Pgm_T5","Abbott","F","GI",0.400806312787197,0.0157606367566845
"lmer","pop","Pgm_T5","Abbott","F","KA",0.349422385514311,0.0135208760906646
"lmer","pop","Pgm_T5","Abbott","F","MA",0.502440136306205,0.0139012154977935
"lmer","pop","Pgm_T5","Abbott","F","MU",0.422562322563373,0.0142702646918521
"lmer","pop","Pgm_T5","Abbott","F","RE",0.436372064910714,0.0147418950555197
"lmer","pop","Pgm_T5","Abbott","F","UM",0.427304023045231,0.0138734798911264
"lmer","pop","Pgm_T5","Abbott","F","VA",0.318750865024238,0.0134746406705981
"lmer","pop","Pgm_T5","Abbott","F","YE",0.415652144722984,0.0131868135239499
"lmer","pop","Pgm_T6","Abbott","F","AK",0.607259658396692,0.0314531187892974
"lmer","pop","Pgm_T6","Abbott","F","GI",0.596008065478953,0.0377176027895873
"lmer","pop","Pgm_T6","Abbott","F","KA",0.593468123176904,0.0323641893289858
"lmer","pop","Pgm_T6","Abbott","F","MA",0.75527101870168,0.0332660652473325
"lmer","pop","Pgm_T6","Abbott","F","MU",0.578659474409125,0.0341797126374257
"lmer","pop","Pgm_T6","Abbott","F","RE",0.704335418655895,0.0352804144749587
"lmer","pop","Pgm_T6","Abbott","F","UM",0.701054215985653,0.033224531160396
"lmer","pop","Pgm_T6","Abbott","F","VA",0.608024698148959,0.0322956501733945
"lmer","pop","Pgm_T6","Abbott","F","YE",0.587744374052824,0.0315570639798424
"lmer","pop","Pgm_Total","Abbott","F","AK",0.47019778539934,0.0144288714321758
"lmer","pop","Pgm_Total","Abbott","F","GI",0.452971295609646,0.0173098914220808
"lmer","pop","Pgm_Total","Abbott","F","KA",0.422975128572012,0.0148523741524654
"lmer","pop","Pgm_Total","Abbott","F","MA",0.576330095375048,0.0152670785674959
"lmer","pop","Pgm_Total","Abbott","F","MU",0.464737381385986,0.0156834996949708
"lmer","pop","Pgm_Total","Abbott","F","RE",0.520872162172208,0.0161913089105595
"lmer","pop","Pgm_Total","Abbott","F","UM",0.505828150047209,0.0152456629536191
"lmer","pop","Pgm_Total","Abbott","F","VA",0.406082865920108,0.0148169610440109
"lmer","pop","Pgm_Total","Abbott","F","YE",0.466260234458884,0.0144826805382758
"lmer","pop","Pgm_T4","Gibert","F","AK",0.49996224807581,0.0143538355800375
"lmer","pop","Pgm_T4","Gibert","F","GI",0.490150723798062,0.0165346628528525
"lmer","pop","Pgm_T4","Gibert","F","KA",0.463889767906034,0.0143416715214473
"lmer","pop","Pgm_T4","Gibert","F","MA",0.496757482173098,0.0147784855641731
"lmer","pop","Pgm_T4","Gibert","F","MU",0.514299147406851,0.0143538355800376
"lmer","pop","Pgm_T4","Gibert","F","RE",0.44398878517822,0.0160158226193626
"lmer","pop","Pgm_T4","Gibert","F","UM",0.504553468246304,0.0151096256138925
"lmer","pop","Pgm_T4","Gibert","F","VA",0.504245763222421,0.0147106360694916
"lmer","pop","Pgm_T4","Gibert","F","YE",0.515130871734085,0.0145571599143082
"lmer","pop","Pgm_T5","Gibert","F","AK",0.600761748585222,0.0167057665500109
"lmer","pop","Pgm_T5","Gibert","F","GI",0.564201140680696,0.0192585419319239
"lmer","pop","Pgm_T5","Gibert","F","KA",0.56698515263423,0.0166956959410895
"lmer","pop","Pgm_T5","Gibert","F","MA",0.642631740052408,0.0171851723646016
"lmer","pop","Pgm_T5","Gibert","F","MU",0.623974246152332,0.0167057665500112
"lmer","pop","Pgm_T5","Gibert","F","RE",0.583548244246393,0.0186518357828118
"lmer","pop","Pgm_T5","Gibert","F","UM",0.604033558534326,0.017592720848412
"lmer","pop","Pgm_T5","Gibert","F","VA",0.596786509536079,0.0171266150413
"lmer","pop","Pgm_T5","Gibert","F","YE",0.607472220249758,0.0168829936450924
"lmer","pop","Pgm_T6","Gibert","F","AK",0.741397142522584,0.0354635901446065
"lmer","pop","Pgm_T6","Gibert","F","GI",0.739725733059965,0.0409197079574901
"lmer","pop","Pgm_T6","Gibert","F","KA",0.865337939060197,0.0354535396060018
"lmer","pop","Pgm_T6","Gibert","F","MA",0.832095765634881,0.0364337888510448
"lmer","pop","Pgm_T6","Gibert","F","MU",0.804956316536573,0.0354635901446085
"lmer","pop","Pgm_T6","Gibert","F","RE",0.826148347992866,0.0396248160359087
"lmer","pop","Pgm_T6","Gibert","F","UM",0.817361566166978,0.0373656762244319
"lmer","pop","Pgm_T6","Gibert","F","VA",0.789324191363615,0.0363719654260624
"lmer","pop","Pgm_T6","Gibert","F","YE",0.762705755404169,0.0356536183902788
"lmer","pop","Pgm_Total","Gibert","F","AK",0.609481420944872,0.0156276111603594
"lmer","pop","Pgm_Total","Gibert","F","GI",0.590098145769967,0.0180225087493476
"lmer","pop","Pgm_Total","Gibert","F","KA",0.613199257971224,0.0156202360960414
"lmer","pop","Pgm_Total","Gibert","F","MA",0.640754989253557,0.0160679033797807
"lmer","pop","Pgm_Total","Gibert","F","MU",0.634097110195346,0.0156276111603602
"lmer","pop","Pgm_Total","Gibert","F","RE",0.611706812395519,0.0174536501076282
"lmer","pop","Pgm_Total","Gibert","F","UM",0.633276586583553,0.0164608545558547
"lmer","pop","Pgm_Total","Gibert","F","VA",0.624434857371372,0.016024031959279
"lmer","pop","Pgm_Total","Gibert","F","YE",0.622736031160143,0.0157611850338534
"lmer","pop","Pgm_T4","Schmidt","F","AK",0.484406913984285,0.0210833625416752
"lmer","pop","Pgm_T4","Schmidt","F","GI",0.453382153211075,0.0263434997472939
"lmer","pop","Pgm_T4","Schmidt","F","KA",0.512729877480782,0.0216310735569232
"lmer","pop","Pgm_T4","Schmidt","F","MA",0.554535933154541,0.0217323160366345
"lmer","pop","Pgm_T4","Schmidt","F","MU",0.489041403597038,0.021111020915324
"lmer","pop","Pgm_T4","Schmidt","F","RE",0.505741402071912,0.0254525824402504
"lmer","pop","Pgm_T4","Schmidt","F","UM",0.551818576739561,0.0244095103233186
"lmer","pop","Pgm_T4","Schmidt","F","VA",0.400643168544216,0.022889139777792
"lmer","pop","Pgm_T4","Schmidt","F","YE",0.502622348138838,0.021228114631017
"lmer","pop","Pgm_T5","Schmidt","F","AK",0.739237959910273,0.0527190598414504
"lmer","pop","Pgm_T5","Schmidt","F","GI",0.678727218245435,0.0656531976869241
"lmer","pop","Pgm_T5","Schmidt","F","KA",0.788642670041832,0.0540886141396141
"lmer","pop","Pgm_T5","Schmidt","F","MA",0.846087191141044,0.0542325808969495
"lmer","pop","Pgm_T5","Schmidt","F","MU",0.778616743444738,0.0527566336633865
"lmer","pop","Pgm_T5","Schmidt","F","RE",0.852000672755502,0.0633583863441739
"lmer","pop","Pgm_T5","Schmidt","F","UM",0.942915122560423,0.0609634460819434
"lmer","pop","Pgm_T5","Schmidt","F","VA",0.773993466369548,0.0572101349042372
"lmer","pop","Pgm_T5","Schmidt","F","YE",0.749630600584888,0.0529145429196872
"lmer","pop","Pgm_T6","Schmidt","F","AK",0.400378663873798,0.0657967545885566
"lmer","pop","Pgm_T6","Schmidt","F","GI",0.389222584188213,0.0820433411660662
"lmer","pop","Pgm_T6","Schmidt","F","KA",0.582347317381849,0.0675060458453144
"lmer","pop","Pgm_T6","Schmidt","F","MA",0.615344763485736,0.0677388902435312
"lmer","pop","Pgm_T6","Schmidt","F","MU",0.491470622257008,0.0658586061103959
"lmer","pop","Pgm_T6","Schmidt","F","RE",0.518898685961967,0.0792114548886648
"lmer","pop","Pgm_T6","Schmidt","F","UM",0.759001067981273,0.0761209370320332
"lmer","pop","Pgm_T6","Schmidt","F","VA",0.613282036621733,0.0714133322317694
"lmer","pop","Pgm_T6","Schmidt","F","YE",0.544028051237301,0.0661192670109177
"lmer","pop","Pgm_Total","Schmidt","F","AK",0.567290828229163,0.0370344634884604
"lmer","pop","Pgm_Total","Schmidt","F","GI",0.53667466932985,0.0461246264371544
"lmer","pop","Pgm_Total","Schmidt","F","KA",0.639460364805565,0.03799655782025
"lmer","pop","Pgm_Total","Schmidt","F","MA",0.681680394064715,0.0380998185059646
"lmer","pop","Pgm_Total","Schmidt","F","MU",0.609829272072708,0.0370614470386477
"lmer","pop","Pgm_Total","Schmidt","F","RE",0.636591449960431,0.044513826988343
"lmer","pop","Pgm_Total","Schmidt","F","UM",0.745802880477712,0.0428274084444205
"lmer","pop","Pgm_Total","Schmidt","F","VA",0.606103525383823,0.0401898342410298
"lmer","pop","Pgm_Total","Schmidt","F","YE",0.616637527082989,0.037174871103766
"lmer","pop","SR","Gonzalez","F","AK",85.1619820314884,3.28854239865781
"lmer","pop","SR","Gonzalez","F","GI",74.6981440811255,3.91422679714482
"lmer","pop","SR","Gonzalez","F","KA",80.8317158852949,3.77300006326857
"lmer","pop","SR","Gonzalez","F","MA",79.7314265407658,3.2622954929927
"lmer","pop","SR","Gonzalez","F","MU",88.6016576993848,3.38807344966538
"lmer","pop","SR","Gonzalez","F","RE",79.7542890129249,3.90657847512449
"lmer","pop","SR","Gonzalez","F","UM",81.7172746157051,4.20342569042488
"lmer","pop","SR","Gonzalez","F","VA",88.3981414468818,3.61657418939118
"lmer","pop","SR","Gonzalez","F","YE",69.5342366589473,3.75034875181197
"lmer","pop","SR","Onder","F","AK",92.6510292808751,2.9359414084151
"lmer","pop","SR","Onder","F","GI",88.1749119508761,3.39024443056378
"lmer","pop","SR","Onder","F","KA",97.2423681651336,2.93591269588978
"lmer","pop","SR","Onder","F","MA",92.3732759221783,2.93601422138197
"lmer","pop","SR","Onder","F","MU",102.780054494252,2.93458495012901
"lmer","pop","SR","Onder","F","RE",88.7745070472723,3.28155023265312
"lmer","pop","SR","Onder","F","UM",93.0814299608483,3.1850761619571
"lmer","pop","SR","Onder","F","VA",102.602075396888,2.93508507530181
"lmer","pop","SR","Onder","F","YE",80.1389318603461,2.93593515172257
"lmer","pop","SR","Pasyukova","F","AK",103.162479680118,4.62588876372697
"lmer","pop","SR","Pasyukova","F","GI",108.265216288641,5.02641385305382
"lmer","pop","SR","Pasyukova","F","KA",105.114020194146,4.67884992460774
"lmer","pop","SR","Pasyukova","F","MA",101.319189535453,4.68729612414847
"lmer","pop","SR","Pasyukova","F","MU",105.820032912537,4.68800303527936
"lmer","pop","SR","Pasyukova","F","RE",103.528522925143,4.85386593159476
"lmer","pop","SR","Pasyukova","F","UM",103.941523059328,4.7630435733999
"lmer","pop","SR","Pasyukova","F","VA",110.68258959772,4.68751801514147
"lmer","pop","SR","Pasyukova","F","YE",88.4767053214457,4.68066979205965
"lmer","pop","SR","Gonzalez","M","AK",59.2899199675891,3.99173338851182
"lmer","pop","SR","Gonzalez","M","GI",51.0772396840406,4.11499966838291
"lmer","pop","SR","Gonzalez","M","KA",59.0833236771239,4.10259920124285
"lmer","pop","SR","Gonzalez","M","MA",53.9562458621166,3.94607276281567
"lmer","pop","SR","Gonzalez","M","MU",64.8218550155327,4.00588279556177
"lmer","pop","SR","Gonzalez","M","RE",54.8259881705901,4.09696366517101
"lmer","pop","SR","Gonzalez","M","UM",57.3654769350522,4.22201252445238
"lmer","pop","SR","Gonzalez","M","VA",57.7909828385212,3.9442120398072
"lmer","pop","SR","Gonzalez","M","YE",47.7745595350136,3.93899168590735
"lmer","pop","SR","Onder","M","AK",73.0903182585185,2.23064311138433
"lmer","pop","SR","Onder","M","GI",69.9988393743556,2.57581236041035
"lmer","pop","SR","Onder","M","KA",75.6389037794288,2.23021824829045
"lmer","pop","SR","Onder","M","MA",73.2253310903312,2.23052198570352
"lmer","pop","SR","Onder","M","MU",79.749993230241,2.22949705638476
"lmer","pop","SR","Onder","M","RE",70.0885484144477,2.49269197511697
"lmer","pop","SR","Onder","M","UM",76.4874625056027,2.41997634114163
"lmer","pop","SR","Onder","M","VA",77.7176992654966,2.22973634205363
"lmer","pop","SR","Onder","M","YE",64.9310887046423,2.23014903433307
"lmer","pop","SR","Pasyukova","M","AK",68.4141854859807,2.39673108524951
"lmer","pop","SR","Pasyukova","M","GI",68.4723763881489,2.82470161409352
"lmer","pop","SR","Pasyukova","M","KA",72.4321152492393,2.45979618547562
"lmer","pop","SR","Pasyukova","M","MA",69.3285513412232,2.4630387411551
"lmer","pop","SR","Pasyukova","M","MU",75.1479234012547,2.46435735694217
"lmer","pop","SR","Pasyukova","M","RE",69.0337058863034,2.62389815275232
"lmer","pop","SR","Pasyukova","M","UM",71.9412886569682,2.54227492138874
"lmer","pop","SR","Pasyukova","M","VA",75.3699633803248,2.46353130767807
"lmer","pop","SR","Pasyukova","M","YE",58.4273221895788,2.45116484688899
"lmer","pop","TL","Kozeretska","F","AK",936.544080303192,8.98606335510939
"lmer","pop","TL","Kozeretska","F","GI",935.036557216417,12.7278014844162
"lmer","pop","TL","Kozeretska","F","KA",911.622916667328,10.7720664683456
"lmer","pop","TL","Kozeretska","F","MA",964.296131633594,9.48374569528396
"lmer","pop","TL","Kozeretska","F","MU",942.891097089859,9.32654655229652
"lmer","pop","TL","Kozeretska","F","RE",962.395523481935,11.0228528846425
"lmer","pop","TL","Kozeretska","F","UM",941.462069867188,10.8955774810407
"lmer","pop","TL","Kozeretska","F","VA",958.365317412421,8.7961059291119
"lmer","pop","TL","Kozeretska","F","YE",950.414342914944,10.721286174357
"lmer","pop","TL","Posnien","F","AK",880.664400000017,19.6655741823638
"lmer","pop","TL","Posnien","F","GI",944.376999999999,19.6655741823635
"lmer","pop","TL","Posnien","F","KA",928.605066666663,19.6655741823635
"lmer","pop","TL","Posnien","F","MA",881.997566666666,19.6655741823635
"lmer","pop","TL","Posnien","F","MU",866.231499999997,19.6655741823635
"lmer","pop","TL","Posnien","F","RE",902.772233333332,19.6655741823635
"lmer","pop","TL","Posnien","F","UM",908.430766666664,19.6655741823635
"lmer","pop","TL","Posnien","F","VA",898.42933333333,19.6655741823635
"lmer","pop","TL","Posnien","F","YE",941.845333333332,19.6655741823635
"lmer","pop","TL","Ritchie","F","AK",960.089856852939,21.6198553805743
"lmer","pop","TL","Ritchie","F","GI",966.124560716488,19.9740507991382
"lmer","pop","TL","Ritchie","F","KA",948.262629181894,20.578368257265
"lmer","pop","TL","Ritchie","F","MA",975.49060583067,20.4602274455383
"lmer","pop","TL","Ritchie","F","MU",968.490370875832,27.199142527561
"lmer","pop","TL","Ritchie","F","YE",988.750860577543,19.259745764368
"lmer","pop","TL","Schmidt","F","AK",995.046550000012,5.30541296441548
"lmer","pop","TL","Schmidt","F","GI",1021.94965556869,6.66141833882395
"lmer","pop","TL","Schmidt","F","KA",1005.38331650095,5.44026539874001
"lmer","pop","TL","Schmidt","F","MA",1014.891885004,5.48694321307575
"lmer","pop","TL","Schmidt","F","MU",1004.77044447015,5.31756786348124
"lmer","pop","TL","Schmidt","F","RE",1036.71730069354,6.44676228962607
"lmer","pop","TL","Schmidt","F","UM",1011.08135460391,6.15295798325825
"lmer","pop","TL","Schmidt","F","VA",1012.33352734276,5.76353826695711
"lmer","pop","TL","Schmidt","F","YE",1009.88519204711,5.36711213175945
"lmer","pop","TL","Kozeretska","M","AK",835.237980031533,8.44186212280721
"lmer","pop","TL","Kozeretska","M","GI",831.228890698068,12.0305814549771
"lmer","pop","TL","Kozeretska","M","KA",812.504166666465,10.1477474575531
"lmer","pop","TL","Kozeretska","M","MA",862.799952379685,8.92204846714925
"lmer","pop","TL","Kozeretska","M","MU",838.173450576005,8.76587632500627
"lmer","pop","TL","Kozeretska","M","RE",859.84388785268,10.3957064556341
"lmer","pop","TL","Kozeretska","M","UM",838.729550679367,10.2697399010525
"lmer","pop","TL","Kozeretska","M","VA",858.462697940672,8.25404889638498
"lmer","pop","TL","Kozeretska","M","YE",845.745011803671,10.1094089152489
"lmer","pop","TL","Posnien","M","AK",777.155233333368,17.66749943991
"lmer","pop","TL","Posnien","M","GI",841.228466666669,17.6674994399099
"lmer","pop","TL","Posnien","M","KA",823.5589,17.6674994399099
"lmer","pop","TL","Posnien","M","MA",785.430966666669,17.6674994399099
"lmer","pop","TL","Posnien","M","MU",756.664233333334,17.6674994399099
"lmer","pop","TL","Posnien","M","RE",802.592633333336,17.6674994399099
"lmer","pop","TL","Posnien","M","UM",821.888433333333,17.6674994399099
"lmer","pop","TL","Posnien","M","VA",796.667833333334,17.6674994399099
"lmer","pop","TL","Posnien","M","YE",819.560333333334,17.6674994399099
"lmer","pop","TL","Ritchie","M","AK",828.976212147734,22.0813589605103
"lmer","pop","TL","Ritchie","M","GI",824.177471285426,20.2636293274108
"lmer","pop","TL","Ritchie","M","KA",816.269772218992,20.6535905357896
"lmer","pop","TL","Ritchie","M","MA",842.044774772956,20.6601975764989
"lmer","pop","TL","Ritchie","M","MU",847.007667026646,28.5619156422515
"lmer","pop","TL","Ritchie","M","YE",847.388791990793,19.6762200629732
"lmer","pop","Via","Gibert","NA","AK",1.06672751216191,0.0296703997211252
"lmer","pop","Via","Gibert","NA","GI",0.903292085419537,0.0343626513427962
"lmer","pop","Via","Gibert","NA","KA",1.02499029414462,0.0300121429187883
"lmer","pop","Via","Gibert","NA","MA",0.937969730336457,0.029816200109864
"lmer","pop","Via","Gibert","NA","MU",1.02398445768853,0.0299372656573918
"lmer","pop","Via","Gibert","NA","RE",0.944002260341563,0.0333765033611872
"lmer","pop","Via","Gibert","NA","UM",1.01625259510082,0.0314172934055038
"lmer","pop","Via","Gibert","NA","VA",0.925428711147473,0.0299372656573918
"lmer","pop","Via","Gibert","NA","YE",0.797441531356991,0.0299372656573917
"lmer","pop","Via","Grath","NA","AK",0.9877438014055,0.029062180077404
"lmer","pop","Via","Grath","NA","MU",0.911007506464549,0.0285752782268553
"lmer","pop","Via","Grath","NA","RE",0.928167041461443,0.0285752782268553
"lmer","pop","Via","Hoedjes","NA","AK",1.09519672147691,0.0307259623308188
"lmer","pop","Via","Hoedjes","NA","GI",0.893824336275538,0.0354792852456154
"lmer","pop","Via","Hoedjes","NA","KA",1.02907808028459,0.0307259623308173
"lmer","pop","Via","Hoedjes","NA","MA",1.00727464792025,0.0307259623308173
"lmer","pop","Via","Hoedjes","NA","MU",1.04595732291183,0.0307259623308173
"lmer","pop","Via","Hoedjes","NA","RE",0.915412287452888,0.0354792852456154
"lmer","pop","Via","Hoedjes","NA","UM",0.986787377636499,0.0333269853767149
"lmer","pop","Via","Hoedjes","NA","VA",0.980362722415662,0.0307259623308173
"lmer","pop","Via","Hoedjes","NA","YE",0.846572215602873,0.0307259623308173
"lm","pop","Via","Schmidt","NA","AK",0.920280324252578,0.0639264156074566
"lm","pop","Via","Schmidt","NA","GI",0.732405696404722,0.0738158665185856
"lm","pop","Via","Schmidt","NA","KA",1.13360478439148,0.0639264156074566
"lm","pop","Via","Schmidt","NA","MA",0.933088429625143,0.0673843586566997
"lm","pop","Via","Schmidt","NA","MU",0.888481767236711,0.0639264156074564
"lm","pop","Via","Schmidt","NA","RE",0.943545534342104,0.0738158665185857
"lm","pop","Via","Schmidt","NA","UM",1.0235692269624,0.0764066808262325
"lm","pop","Via","Schmidt","NA","VA",0.889602025363254,0.0639264156074564
"lm","pop","Via","Schmidt","NA","YE",0.840084430595153,0.0639264156074564
"lmer","pop","Via","StamenkovicRadak","NA","AK",0.988228076650533,0.0364756000127783
"lmer","pop","Via","StamenkovicRadak","NA","GI",0.892893235867817,0.0433427818744332
"lmer","pop","Via","StamenkovicRadak","NA","KA",0.943086075070099,0.0363747870191736
"lmer","pop","Via","StamenkovicRadak","NA","MA",0.843634634087879,0.0365168006693788
"lmer","pop","Via","StamenkovicRadak","NA","MU",1.000971044886,0.0364103423603715
"lmer","pop","Via","StamenkovicRadak","NA","RE",0.917639697029254,0.0396988348073437
"lmer","pop","Via","StamenkovicRadak","NA","UM",0.880247849783627,0.037883997420525
"lmer","pop","Via","StamenkovicRadak","NA","VA",0.848964410390692,0.0364747102897443
"lmer","pop","Via","StamenkovicRadak","NA","YE",0.777081919552056,0.0363747870191735
"lmer","pop","Via","Zwaan","NA","AK",1.07202286660225,0.0351669435782666
"lmer","pop","Via","Zwaan","NA","GI",0.937906890451249,0.0406569881765458
"lmer","pop","Via","Zwaan","NA","KA",1.0788357584184,0.0354260127493707
"lmer","pop","Via","Zwaan","NA","MA",1.0265445649554,0.0354853066138737
"lmer","pop","Via","Zwaan","NA","MU",1.01889161185634,0.0360811511221512
"lmer","pop","Via","Zwaan","NA","RE",0.949707063478211,0.039026545056351
"lmer","pop","Via","Zwaan","NA","UM",1.10538111026405,0.0372227901021116
"lmer","pop","Via","Zwaan","NA","VA",1.05227221715909,0.0359948503853199
"lmer","pop","Via","Zwaan","NA","YE",0.813839298192372,0.0359168784020044
"lmer","pop","WA_L","Onder","F","AK",2813.8209474383,19.1068116935744
"lmer","pop","WA_L","Onder","F","GI",2852.88930188499,20.6715510767169
"lmer","pop","WA_L","Onder","F","KA",2858.67265440058,19.1566996453192
"lmer","pop","WA_L","Onder","F","MA",2898.80506700693,19.1984511353452
"lmer","pop","WA_L","Onder","F","MU",2860.10012768557,18.9083252109658
"lmer","pop","WA_L","Onder","F","RE",2943.86615992091,20.2241072207318
"lmer","pop","WA_L","Onder","F","UM",2901.09613054218,19.8013143339373
"lmer","pop","WA_L","Onder","F","VA",2843.50152126589,19.0718243103391
"lmer","pop","WA_L","Onder","F","YE",2815.29722600241,19.2350482915814
"lmer","pop","WA_L","Posnien","F","AK",2589.01128536662,53.2622666701779
"lmer","pop","WA_L","Posnien","F","GI",2728.20135556667,53.262266670178
"lmer","pop","WA_L","Posnien","F","KA",2639.37876686666,53.262266670178
"lmer","pop","WA_L","Posnien","F","MA",2658.50407703332,53.262266670178
"lmer","pop","WA_L","Posnien","F","MU",2563.45368863332,53.262266670178
"lmer","pop","WA_L","Posnien","F","RE",2723.92753073333,53.262266670178
"lmer","pop","WA_L","Posnien","F","UM",2663.02723743333,53.262266670178
"lmer","pop","WA_L","Posnien","F","VA",2549.5829784,53.262266670178
"lmer","pop","WA_L","Posnien","F","YE",2657.7176376,53.262266670178
"lmer","pop","WA_L","Ritchie","F","AK",2759.23522167184,75.8896221766995
"lmer","pop","WA_L","Ritchie","F","GI",2587.17824621602,60.2089401069705
"lmer","pop","WA_L","Ritchie","F","KA",2714.14069180742,75.7280828335805
"lmer","pop","WA_L","Ritchie","F","MA",2846.66641044494,67.131181565573
"lmer","pop","WA_L","Ritchie","F","MU",2782.89639419071,67.6003494673976
"lmer","pop","WA_L","Ritchie","F","RE",2878.60034882662,68.0112511428149
"lmer","pop","WA_L","Ritchie","F","UM",2889.01027554864,67.8065812355779
"lmer","pop","WA_L","Ritchie","F","VA",2774.24705185939,67.8795341350996
"lmer","pop","WA_L","Ritchie","F","YE",2782.81958635281,68.0389164410364
"lmer","pop","WA_L","StamenkovicRadak","F","AK",2780.82443597904,12.9514599532614
"lmer","pop","WA_L","StamenkovicRadak","F","GI",2836.04095378456,16.4320590508941
"lmer","pop","WA_L","StamenkovicRadak","F","KA",2810.30900732818,13.011875019251
"lmer","pop","WA_L","StamenkovicRadak","F","MA",2862.62690474074,15.6733428556893
"lmer","pop","WA_L","StamenkovicRadak","F","MU",2847.78003029385,13.3550524279878
"lmer","pop","WA_L","StamenkovicRadak","F","RE",2932.81763563349,14.4095985446552
"lmer","pop","WA_L","StamenkovicRadak","F","UM",2882.96510610857,13.9175112196405
"lmer","pop","WA_L","StamenkovicRadak","F","VA",2838.45097732928,13.4050226535401
"lmer","pop","WA_L","StamenkovicRadak","F","YE",2822.11731233989,13.8738813600118
"lmer","pop","WA_L","Onder","M","AK",2451.86505651803,11.4780175532381
"lmer","pop","WA_L","Onder","M","GI",2481.6087931167,13.2494862149836
"lmer","pop","WA_L","Onder","M","KA",2479.39155766884,11.473724947
"lmer","pop","WA_L","Onder","M","MA",2516.02992049844,11.4779954954513
"lmer","pop","WA_L","Onder","M","MU",2483.87272690125,11.4328308838926
"lmer","pop","WA_L","Onder","M","RE",2553.95188826159,12.8599082801658
"lmer","pop","WA_L","Onder","M","UM",2518.43281032122,12.458950417708
"lmer","pop","WA_L","Onder","M","VA",2492.46761924492,11.4730939699699
"lmer","pop","WA_L","Onder","M","YE",2445.65465383861,11.7777655260575
"lmer","pop","WA_L","Posnien","M","AK",2300.01672263339,49.5989399969017
"lmer","pop","WA_L","Posnien","M","GI",2411.78006006665,49.5989399969011
"lmer","pop","WA_L","Posnien","M","KA",2332.57332143333,49.5989399969011
"lmer","pop","WA_L","Posnien","M","MA",2381.33230876668,49.5989399969011
"lmer","pop","WA_L","Posnien","M","MU",2266.58132106667,49.5989399969011
"lmer","pop","WA_L","Posnien","M","RE",2374.93605276666,49.5989399969011
"lmer","pop","WA_L","Posnien","M","UM",2348.35036733333,49.5989399969011
"lmer","pop","WA_L","Posnien","M","VA",2339.71930053333,49.5989399969011
"lmer","pop","WA_L","Posnien","M","YE",2349.18812176667,49.5989399969011
"lmer","pop","WA_L","Ritchie","M","AK",2448.31108613511,47.8983924836286
"lmer","pop","WA_L","Ritchie","M","GI",2383.26103752691,42.5180792236862
"lmer","pop","WA_L","Ritchie","M","KA",2425.85246357326,42.5417153632306
"lmer","pop","WA_L","Ritchie","M","MA",2478.0106850056,42.5162725943626
"lmer","pop","WA_L","Ritchie","M","MU",2436.41523917501,42.8043478352491
"lmer","pop","WA_L","Ritchie","M","RE",2495.9855536306,43.0215436676293
"lmer","pop","WA_L","Ritchie","M","UM",2511.62927750476,42.9495062954223
"lmer","pop","WA_L","Ritchie","M","VA",2432.25998918688,42.9975773091608
"lmer","pop","WA_L","Ritchie","M","YE",2413.15569115172,43.0647767868446
"lmer","pop","WA_L","StamenkovicRadak","M","AK",2415.62612528329,11.412670513037
"lmer","pop","WA_L","StamenkovicRadak","M","GI",2472.1383857504,14.4234226871743
"lmer","pop","WA_L","StamenkovicRadak","M","KA",2434.72220791994,11.4459343152393
"lmer","pop","WA_L","StamenkovicRadak","M","MA",2490.10887893575,13.7557637488649
"lmer","pop","WA_L","StamenkovicRadak","M","MU",2468.41845909071,11.7590713046596
"lmer","pop","WA_L","StamenkovicRadak","M","RE",2537.57899648712,12.70099095843
"lmer","pop","WA_L","StamenkovicRadak","M","UM",2507.21422748095,12.2319657404634
"lmer","pop","WA_L","StamenkovicRadak","M","VA",2461.46220091713,11.8060245936512
"lmer","pop","WA_L","StamenkovicRadak","M","YE",2447.4877390768,12.2186843250675
"lmer","pop","WA_R","Onder","F","AK",2815.32251123686,18.5779866107253
"lmer","pop","WA_R","Onder","F","GI",2854.81160053908,20.1542557310232
"lmer","pop","WA_R","Onder","F","KA",2860.04921320095,18.6283144072152
"lmer","pop","WA_R","Onder","F","MA",2899.66985300521,18.670598234662
"lmer","pop","WA_R","Onder","F","MU",2860.41450708693,18.3758777192366
"lmer","pop","WA_R","Onder","F","RE",2944.63089842927,19.7038186298314
"lmer","pop","WA_R","Onder","F","UM",2901.85456243844,19.2784085633147
"lmer","pop","WA_R","Onder","F","VA",2845.20236387062,18.5427036466331
"lmer","pop","WA_R","Onder","F","YE",2815.70801350916,18.7071491503746
"lmer","pop","WA_R","Posnien","F","AK",2584.98214143343,53.6178139151738
"lmer","pop","WA_R","Posnien","F","GI",2725.23973746666,53.6178139151741
"lmer","pop","WA_R","Posnien","F","KA",2637.32883396666,53.6178139151741
"lmer","pop","WA_R","Posnien","F","MA",2657.27503129999,53.6178139151741
"lmer","pop","WA_R","Posnien","F","MU",2562.32186583333,53.6178139151742
"lmer","pop","WA_R","Posnien","F","RE",2720.04241363333,53.6178139151741
"lmer","pop","WA_R","Posnien","F","UM",2660.50009413333,53.6178139151742
"lmer","pop","WA_R","Posnien","F","VA",2547.93389373332,53.6178139151741
"lmer","pop","WA_R","Posnien","F","YE",2657.19964513333,53.6178139151741
"lmer","pop","WA_R","Ritchie","F","AK",2777.36218535797,75.1389338764628
"lmer","pop","WA_R","Ritchie","F","GI",2611.67387335596,59.6790260853874
"lmer","pop","WA_R","Ritchie","F","KA",2731.8514977744,74.9771207323092
"lmer","pop","WA_R","Ritchie","F","MA",2875.39751680383,66.4645893966857
"lmer","pop","WA_R","Ritchie","F","MU",2805.69444922187,66.9293705310874
"lmer","pop","WA_R","Ritchie","F","RE",2896.21906748486,67.336307038821
"lmer","pop","WA_R","Ritchie","F","UM",2913.6355299865,67.1340488560945
"lmer","pop","WA_R","Ritchie","F","VA",2793.99995300718,67.2059523721007
"lmer","pop","WA_R","Ritchie","F","YE",2797.38009069956,67.3638275850403
"lmer","pop","WA_R","StamenkovicRadak","F","AK",2775.53446685139,13.0499445235878
"lmer","pop","WA_R","StamenkovicRadak","F","GI",2833.72857894882,16.5560548361064
"lmer","pop","WA_R","StamenkovicRadak","F","KA",2813.05870418901,13.109653687422
"lmer","pop","WA_R","StamenkovicRadak","F","MA",2862.03803416183,15.7914882924999
"lmer","pop","WA_R","StamenkovicRadak","F","MU",2850.27392301742,13.4570205588345
"lmer","pop","WA_R","StamenkovicRadak","F","RE",2933.26337465659,14.5183659327259
"lmer","pop","WA_R","StamenkovicRadak","F","UM",2886.84651495978,14.0219626803058
"lmer","pop","WA_R","StamenkovicRadak","F","VA",2836.46388866603,13.5063969669586
"lmer","pop","WA_R","StamenkovicRadak","F","YE",2823.41233962028,13.9788370484746
"lmer","pop","WA_R","Onder","M","AK",2451.97752503993,11.607145465141
"lmer","pop","WA_R","Onder","M","GI",2482.72920642411,13.3986975114439
"lmer","pop","WA_R","Onder","M","KA",2481.86926249382,11.6029187818303
"lmer","pop","WA_R","Onder","M","MA",2515.95716286196,11.6071256075997
"lmer","pop","WA_R","Onder","M","MU",2483.62088648609,11.5584120844948
"lmer","pop","WA_R","Onder","M","RE",2554.92667623888,13.0062867144144
"lmer","pop","WA_R","Onder","M","UM",2518.19473713254,12.600065145466
"lmer","pop","WA_R","Onder","M","VA",2492.66037234237,11.6023204037153
"lmer","pop","WA_R","Onder","M","YE",2446.06018913068,11.9102900823132
"lmer","pop","WA_R","Posnien","M","AK",2296.72893999992,50.2291853731134
"lmer","pop","WA_R","Posnien","M","GI",2405.05868016667,50.2291853731134
"lmer","pop","WA_R","Posnien","M","KA",2331.6437129,50.2291853731134
"lmer","pop","WA_R","Posnien","M","MA",2382.89597339999,50.2291853731134
"lmer","pop","WA_R","Posnien","M","MU",2273.85456749999,50.2291853731134
"lmer","pop","WA_R","Posnien","M","RE",2374.98682873333,50.2291853731134
"lmer","pop","WA_R","Posnien","M","UM",2349.13391296667,50.2291853731134
"lmer","pop","WA_R","Posnien","M","VA",2334.22045016667,50.2291853731134
"lmer","pop","WA_R","Posnien","M","YE",2344.7743944,50.2291853731134
"lmer","pop","WA_R","Ritchie","M","AK",2462.72582431594,47.4204706440394
"lmer","pop","WA_R","Ritchie","M","GI",2401.15196825523,42.0783151367133
"lmer","pop","WA_R","Ritchie","M","KA",2445.66758688146,42.1015847003322
"lmer","pop","WA_R","Ritchie","M","MA",2499.14862039578,42.0761506151436
"lmer","pop","WA_R","Ritchie","M","MU",2457.23095371546,42.3884672341875
"lmer","pop","WA_R","Ritchie","M","RE",2516.54004188121,42.6206348735399
"lmer","pop","WA_R","Ritchie","M","UM",2532.84077879655,42.5219228424882
"lmer","pop","WA_R","Ritchie","M","VA",2448.82428081512,42.5756174314608
"lmer","pop","WA_R","Ritchie","M","YE",2431.57199097218,42.6561827511032
"lmer","pop","WA_R","StamenkovicRadak","M","AK",2414.971373341,11.6358628030775
"lmer","pop","WA_R","StamenkovicRadak","M","GI",2469.06860976075,14.7471010168821
"lmer","pop","WA_R","StamenkovicRadak","M","KA",2434.83364663518,11.6816064828688
"lmer","pop","WA_R","StamenkovicRadak","M","MA",2488.6164247879,14.0678028781835
"lmer","pop","WA_R","StamenkovicRadak","M","MU",2469.88273578102,12.0064390559449
"lmer","pop","WA_R","StamenkovicRadak","M","RE",2540.66305861372,12.9731089266651
"lmer","pop","WA_R","StamenkovicRadak","M","UM",2509.87619821951,12.4922069229677
"lmer","pop","WA_R","StamenkovicRadak","M","VA",2462.84255933013,12.045004616527
"lmer","pop","WA_R","StamenkovicRadak","M","YE",2448.83297321026,12.4794278125166
"glmer","pop","Dia","Bergland","F","AK",0.175188606271743,0.278984447606004
"glmer","pop","Dia","Bergland","F","GI",0.390708264108854,0.301003121282892
"glmer","pop","Dia","Bergland","F","KA",0.523332673838792,0.261809314529323
"glmer","pop","Dia","Bergland","F","MA",0.926131772731969,0.28257194628099
"glmer","pop","Dia","Bergland","F","MU",1.02401234465307,0.286929573865551
"glmer","pop","Dia","Bergland","F","RE",0.475245690690137,0.329406568362239
"glmer","pop","Dia","Bergland","F","UM",1.55262225663393,0.319469904317203
"glmer","pop","Dia","Bergland","F","VA",1.25257764264857,0.289805061575627
"glmer","pop","Dia","Bergland","F","YE",1.01858687241593,0.262655455745484
"glmer","pop","Dia","Flatt","F","AK",3.9887587112319,0.549305358424722
"glmer","pop","Dia","Flatt","F","GI",3.66581434847192,0.609523931166924
"glmer","pop","Dia","Flatt","F","KA",4.39660145602249,0.615202732730898
"glmer","pop","Dia","Flatt","F","MA",3.79135811078875,0.544906327319343
"glmer","pop","Dia","Flatt","F","MU",4.75088051085066,0.612821259943956
"glmer","pop","Dia","Flatt","F","RE",3.9830289461456,0.629409404552939
"glmer","pop","Dia","Flatt","F","UM",5.07066375059173,0.766540427474645
"glmer","pop","Dia","Flatt","F","VA",3.58333087557907,0.513792651151662
"glmer","pop","Dia","Flatt","F","YE",3.94222079640008,0.558661178682855
"glmer","pop","Dia","Schlotterer","F","AK",0.100284762380548,0.313369683025316
"glmer","pop","Dia","Schlotterer","F","GI",0.725507059558118,0.369262785641226
"glmer","pop","Dia","Schlotterer","F","KA",0.952691818803522,0.322194748170759
"glmer","pop","Dia","Schlotterer","F","MA",1.10456935212311,0.328889551188991
"glmer","pop","Dia","Schlotterer","F","MU",1.31181667983507,0.325271855112308
"glmer","pop","Dia","Schlotterer","F","RE",1.15434045332462,0.373429276704384
"glmer","pop","Dia","Schlotterer","F","UM",2.48979892390536,0.425690109398173
"glmer","pop","Dia","Schlotterer","F","VA",1.21080994952507,0.36801591135393
"glmer","pop","Dia","Schlotterer","F","YE",1.03164974674877,0.32376083873123
"glmer","pop","PR_HR","Hrcek","NA","AK",-1.47429568283454,0.255369315530548
"glmer","pop","PR_HR","Hrcek","NA","GI",-1.89534627045303,0.307573229620619
"glmer","pop","PR_HR","Hrcek","NA","KA",-1.79193243790052,0.303771142838916
"glmer","pop","PR_HR","Hrcek","NA","MA",-0.802543807320147,0.236716189820842
"glmer","pop","PR_HR","Hrcek","NA","MU",-1.39694758180818,0.303406862141201
"glmer","pop","PR_HR","Hrcek","NA","RE",-1.33744514564862,0.241730368616975
"glmer","pop","PR_HR","Hrcek","NA","UM",-0.740964980610213,0.254625237550409
"glmer","pop","PR_HR","Hrcek","NA","VA",-1.04860951705523,0.253100147792241
"glmer","pop","PR_HR","Hrcek","NA","YE",-1.5875301166571,0.286024548158266
