"Lab","Diet","Sex","Population","Line","Replicate_count","Replicate_ids","Observation_count","Batch_count","Batch_ids"
"StamenkovicRadak","NS","F","AK","AK1",1,"StamenkovicRadak_1_AK1_1",30,1,"1"
"StamenkovicRadak","NS","F","AK","AK16",1,"StamenkovicRadak_4_AK16_1",36,1,"4"
"StamenkovicRadak","NS","F","AK","AK17",1,"StamenkovicRadak_4_AK17_1",32,1,"4"
"StamenkovicRadak","NS","F","AK","AK18",1,"StamenkovicRadak_4_AK18_1",31,1,"4"
"StamenkovicRadak","NS","F","AK","AK19",1,"StamenkovicRadak_4_AK19_1",34,1,"4"
"StamenkovicRadak","NS","F","AK","AK2",1,"StamenkovicRadak_1_AK2_1",32,1,"1"
"StamenkovicRadak","NS","F","AK","AK20",1,"StamenkovicRadak_4_AK20_1",31,1,"4"
"StamenkovicRadak","NS","F","AK","AK21",1,"StamenkovicRadak_4_AK21_1",32,1,"4"
"StamenkovicRadak","NS","F","AK","AK3",1,"StamenkovicRadak_1_AK3_1",30,1,"1"
"StamenkovicRadak","NS","F","AK","AK4",1,"StamenkovicRadak_1_AK4_1",34,1,"1"
"StamenkovicRadak","NS","F","AK","AK5",1,"StamenkovicRadak_2_AK5_1",31,1,"2"
"StamenkovicRadak","NS","F","AK","AK6",1,"StamenkovicRadak_2_AK6_1",32,1,"2"
"StamenkovicRadak","NS","F","AK","AK7",1,"StamenkovicRadak_3_AK7_1",28,1,"3"
"StamenkovicRadak","NS","F","AK","AK8",1,"StamenkovicRadak_3_AK8_1",34,1,"3"
"StamenkovicRadak","NS","F","AK","AK9",1,"StamenkovicRadak_2_AK9_1",34,1,"2"
"StamenkovicRadak","NS","F","AK","AK24",1,"StamenkovicRadak_4_AK24_1",30,1,"4"
"StamenkovicRadak","NS","F","GI","GI1",1,"StamenkovicRadak_1_GI1_1",30,1,"1"
"StamenkovicRadak","NS","F","GI","GI10",1,"StamenkovicRadak_3_GI10_1",30,1,"3"
"StamenkovicRadak","NS","F","GI","GI11",1,"StamenkovicRadak_2_GI11_1",23,1,"2"
"StamenkovicRadak","NS","F","GI","GI14",1,"StamenkovicRadak_4_GI14_1",34,1,"4"
"StamenkovicRadak","NS","F","GI","GI3",1,"StamenkovicRadak_1_GI3_1",28,1,"1"
"StamenkovicRadak","NS","F","GI","GI4",1,"StamenkovicRadak_1_GI4_1",32,1,"1"
"StamenkovicRadak","NS","F","GI","GI5",1,"StamenkovicRadak_1_GI5_1",31,1,"1"
"StamenkovicRadak","NS","F","GI","GI6",1,"StamenkovicRadak_2_GI6_1",30,1,"2"
"StamenkovicRadak","NS","F","GI","GI8",1,"StamenkovicRadak_2_GI8_1",32,1,"2"
"StamenkovicRadak","NS","F","GI","GI9",1,"StamenkovicRadak_4_GI9_1",31,1,"4"
"StamenkovicRadak","NS","F","KA","KA1",1,"StamenkovicRadak_1_KA1_1",27,1,"1"
"StamenkovicRadak","NS","F","KA","KA10",1,"StamenkovicRadak_2_KA10_1",35,1,"2"
"StamenkovicRadak","NS","F","KA","KA13",1,"StamenkovicRadak_2_KA13_1",31,1,"2"
"StamenkovicRadak","NS","F","KA","KA14",1,"StamenkovicRadak_3_KA14_1",33,1,"3"
"StamenkovicRadak","NS","F","KA","KA15",1,"StamenkovicRadak_3_KA15_1",30,1,"3"
"StamenkovicRadak","NS","F","KA","KA17",1,"StamenkovicRadak_3_KA17_1",30,1,"3"
"StamenkovicRadak","NS","F","KA","KA18",1,"StamenkovicRadak_3_KA18_1",28,1,"3"
"StamenkovicRadak","NS","F","KA","KA2",1,"StamenkovicRadak_1_KA2_1",26,1,"1"
"StamenkovicRadak","NS","F","KA","KA23",1,"StamenkovicRadak_4_KA23_1",26,1,"4"
"StamenkovicRadak","NS","F","KA","KA24",1,"StamenkovicRadak_4_KA24_1",31,1,"4"
"StamenkovicRadak","NS","F","KA","KA25",1,"StamenkovicRadak_4_KA25_1",28,1,"4"
"StamenkovicRadak","NS","F","KA","KA29",1,"StamenkovicRadak_4_KA29_1",31,1,"4"
"StamenkovicRadak","NS","F","KA","KA3",1,"StamenkovicRadak_1_KA3_1",35,1,"1"
"StamenkovicRadak","NS","F","KA","KA5",1,"StamenkovicRadak_1_KA5_1",28,1,"1"
"StamenkovicRadak","NS","F","KA","KA7",1,"StamenkovicRadak_2_KA7_1",24,1,"2"
"StamenkovicRadak","NS","F","KA","KA9",1,"StamenkovicRadak_2_KA9_1",24,1,"2"
"StamenkovicRadak","NS","F","MA","MA16",1,"StamenkovicRadak_5_MA16_1",34,1,"5"
"StamenkovicRadak","NS","F","MA","MA18",1,"StamenkovicRadak_3_MA18_1",27,1,"3"
"StamenkovicRadak","NS","F","MA","MA19",1,"StamenkovicRadak_3_MA19_1",30,1,"3"
"StamenkovicRadak","NS","F","MA","MA20",1,"StamenkovicRadak_2_MA20_1",31,1,"2"
"StamenkovicRadak","NS","F","MA","MA26",1,"StamenkovicRadak_3_MA26_1",28,1,"3"
"StamenkovicRadak","NS","F","MA","MA3",1,"StamenkovicRadak_1_MA3_1",31,1,"1"
"StamenkovicRadak","NS","F","MA","MA30",1,"StamenkovicRadak_4_MA30_1",26,1,"4"
"StamenkovicRadak","NS","F","MA","MA5",1,"StamenkovicRadak_1_MA5_1",29,1,"1"
"StamenkovicRadak","NS","F","MA","MA6",1,"StamenkovicRadak_1_MA6_1",30,1,"1"
"StamenkovicRadak","NS","F","MA","MA7",1,"StamenkovicRadak_1_MA7_1",30,1,"1"
"StamenkovicRadak","NS","F","MA","MA9",1,"StamenkovicRadak_2_MA9_1",31,1,"2"
"StamenkovicRadak","NS","F","MU","MU1",1,"StamenkovicRadak_1_MU1_1",32,1,"1"
"StamenkovicRadak","NS","F","MU","MU11",1,"StamenkovicRadak_3_MU11_1",31,1,"3"
"StamenkovicRadak","NS","F","MU","MU12",1,"StamenkovicRadak_2_MU12_1",38,1,"2"
"StamenkovicRadak","NS","F","MU","MU13",1,"StamenkovicRadak_3_MU13_1",34,1,"3"
"StamenkovicRadak","NS","F","MU","MU14",1,"StamenkovicRadak_3_MU14_1",35,1,"3"
"StamenkovicRadak","NS","F","MU","MU16",1,"StamenkovicRadak_4_MU16_1",31,1,"4"
"StamenkovicRadak","NS","F","MU","MU17",1,"StamenkovicRadak_4_MU17_1",32,1,"4"
"StamenkovicRadak","NS","F","MU","MU18",1,"StamenkovicRadak_4_MU18_1",35,1,"4"
"StamenkovicRadak","NS","F","MU","MU19",1,"StamenkovicRadak_4_MU19_1",35,1,"4"
"StamenkovicRadak","NS","F","MU","MU2",1,"StamenkovicRadak_1_MU2_1",30,1,"1"
"StamenkovicRadak","NS","F","MU","MU4",1,"StamenkovicRadak_4_MU4_1",35,1,"4"
"StamenkovicRadak","NS","F","MU","MU5",1,"StamenkovicRadak_1_MU5_1",35,1,"1"
"StamenkovicRadak","NS","F","MU","MU7",1,"StamenkovicRadak_2_MU7_1",34,1,"2"
"StamenkovicRadak","NS","F","MU","MU8",1,"StamenkovicRadak_3_MU8_1",29,1,"3"
"StamenkovicRadak","NS","F","MU","MU9",1,"StamenkovicRadak_2_MU9_1",31,1,"2"
"StamenkovicRadak","NS","F","RE","RE1",1,"StamenkovicRadak_4_RE1_1",33,1,"4"
"StamenkovicRadak","NS","F","RE","RE11",1,"StamenkovicRadak_3_RE11_1",30,1,"3"
"StamenkovicRadak","NS","F","RE","RE12",1,"StamenkovicRadak_2_RE12_1",30,1,"2"
"StamenkovicRadak","NS","F","RE","RE13",1,"StamenkovicRadak_2_RE13_1",30,1,"2"
"StamenkovicRadak","NS","F","RE","RE16",1,"StamenkovicRadak_2_RE16_1",30,1,"2"
"StamenkovicRadak","NS","F","RE","RE17",1,"StamenkovicRadak_3_RE17_1",26,1,"3"
"StamenkovicRadak","NS","F","RE","RE18",1,"StamenkovicRadak_3_RE18_1",29,1,"3"
"StamenkovicRadak","NS","F","RE","RE2",1,"StamenkovicRadak_1_RE2_1",31,1,"1"
"StamenkovicRadak","NS","F","RE","RE4",1,"StamenkovicRadak_4_RE4_1",29,1,"4"
"StamenkovicRadak","NS","F","RE","RE5",1,"StamenkovicRadak_1_RE5_1",31,1,"1"
"StamenkovicRadak","NS","F","RE","RE6",1,"StamenkovicRadak_4_RE6_1",30,1,"4"
"StamenkovicRadak","NS","F","RE","RE7",1,"StamenkovicRadak_4_RE7_1",30,1,"4"
"StamenkovicRadak","NS","F","RE","RE8",1,"StamenkovicRadak_3_RE8_1",31,1,"3"
"StamenkovicRadak","NS","F","UM","UM17",1,"StamenkovicRadak_2_UM17_1",35,1,"2"
"StamenkovicRadak","NS","F","UM","UM18",1,"StamenkovicRadak_2_UM18_1",29,1,"2"
"StamenkovicRadak","NS","F","UM","UM2",1,"StamenkovicRadak_1_UM2_1",30,1,"1"
"StamenkovicRadak","NS","F","UM","UM20",1,"StamenkovicRadak_2_UM20_1",32,1,"2"
"StamenkovicRadak","NS","F","UM","UM21",1,"StamenkovicRadak_2_UM21_1",28,1,"2"
"StamenkovicRadak","NS","F","UM","UM22",1,"StamenkovicRadak_3_UM22_1",24,1,"3"
"StamenkovicRadak","NS","F","UM","UM23",1,"StamenkovicRadak_3_UM23_1",25,1,"3"
"StamenkovicRadak","NS","F","UM","UM24",1,"StamenkovicRadak_4_UM24_1",22,1,"4"
"StamenkovicRadak","NS","F","UM","UM26",1,"StamenkovicRadak_3_UM26_1",33,1,"3"
"StamenkovicRadak","NS","F","UM","UM28",1,"StamenkovicRadak_3_UM28_1",27,1,"3"
"StamenkovicRadak","NS","F","UM","UM29",1,"StamenkovicRadak_4_UM29_1",34,1,"4"
"StamenkovicRadak","NS","F","UM","UM6",1,"StamenkovicRadak_4_UM6_1",26,1,"4"
"StamenkovicRadak","NS","F","UM","UM7",1,"StamenkovicRadak_1_UM7_1",31,1,"1"
"StamenkovicRadak","NS","F","UM","UM9",1,"StamenkovicRadak_1_UM9_1",30,1,"1"
"StamenkovicRadak","NS","F","VA","VA1",1,"StamenkovicRadak_1_VA1_1",29,1,"1"
"StamenkovicRadak","NS","F","VA","VA11",1,"StamenkovicRadak_1_VA11_1",31,1,"1"
"StamenkovicRadak","NS","F","VA","VA18",1,"StamenkovicRadak_2_VA18_1",32,1,"2"
"StamenkovicRadak","NS","F","VA","VA30",1,"StamenkovicRadak_2_VA30_1",31,1,"2"
"StamenkovicRadak","NS","F","VA","VA34",1,"StamenkovicRadak_3_VA34_1",25,1,"3"
"StamenkovicRadak","NS","F","VA","VA44",1,"StamenkovicRadak_2_VA44_1",30,1,"2"
"StamenkovicRadak","NS","F","VA","VA46",1,"StamenkovicRadak_4_VA46_1",30,1,"4"
"StamenkovicRadak","NS","F","VA","VA48",1,"StamenkovicRadak_3_VA48_1",33,1,"3"
"StamenkovicRadak","NS","F","VA","VA55",1,"StamenkovicRadak_4_VA55_1",32,1,"4"
"StamenkovicRadak","NS","F","VA","VA57",1,"StamenkovicRadak_4_VA57_1",30,1,"4"
"StamenkovicRadak","NS","F","VA","VA6",1,"StamenkovicRadak_1_VA6_1",33,1,"1"
"StamenkovicRadak","NS","F","VA","VA66",1,"StamenkovicRadak_4_VA66_1",33,1,"4"
"StamenkovicRadak","NS","F","VA","VA67",1,"StamenkovicRadak_4_VA67_1",27,1,"4"
"StamenkovicRadak","NS","F","VA","VA71",1,"StamenkovicRadak_4_VA71_1",30,1,"4"
"StamenkovicRadak","NS","F","VA","VA9",1,"StamenkovicRadak_1_VA9_1",32,1,"1"
"StamenkovicRadak","NS","F","YE","YE13",1,"StamenkovicRadak_1_YE13_1",29,1,"1"
"StamenkovicRadak","NS","F","YE","YE14",1,"StamenkovicRadak_1_YE14_1",29,1,"1"
"StamenkovicRadak","NS","F","YE","YE15",1,"StamenkovicRadak_1_YE15_1",36,1,"1"
"StamenkovicRadak","NS","F","YE","YE20",1,"StamenkovicRadak_2_YE20_1",30,1,"2"
"StamenkovicRadak","NS","F","YE","YE22",1,"StamenkovicRadak_2_YE22_1",34,1,"2"
"StamenkovicRadak","NS","F","YE","YE23",1,"StamenkovicRadak_2_YE23_1",32,1,"2"
"StamenkovicRadak","NS","F","YE","YE24",1,"StamenkovicRadak_3_YE24_1",33,1,"3"
"StamenkovicRadak","NS","F","YE","YE33",1,"StamenkovicRadak_3_YE33_1",35,1,"3"
"StamenkovicRadak","NS","F","YE","YE40",1,"StamenkovicRadak_3_YE40_1",26,1,"3"
"StamenkovicRadak","NS","F","YE","YE41",1,"StamenkovicRadak_3_YE41_1",29,1,"3"
"StamenkovicRadak","NS","F","YE","YE49",1,"StamenkovicRadak_4_YE49_1",26,1,"4"
"StamenkovicRadak","NS","F","YE","YE51",1,"StamenkovicRadak_4_YE51_1",29,1,"4"
"StamenkovicRadak","NS","F","YE","YE69",1,"StamenkovicRadak_4_YE69_1",32,1,"4"
"StamenkovicRadak","NS","F","YE","YE80",1,"StamenkovicRadak_4_YE80_1",30,1,"4"
"StamenkovicRadak","NS","M","AK","AK1",1,"StamenkovicRadak_1_AK1_1",31,1,"1"
"StamenkovicRadak","NS","M","AK","AK16",1,"StamenkovicRadak_4_AK16_1",30,1,"4"
"StamenkovicRadak","NS","M","AK","AK17",1,"StamenkovicRadak_4_AK17_1",31,1,"4"
"StamenkovicRadak","NS","M","AK","AK18",1,"StamenkovicRadak_4_AK18_1",30,1,"4"
"StamenkovicRadak","NS","M","AK","AK19",1,"StamenkovicRadak_4_AK19_1",30,1,"4"
"StamenkovicRadak","NS","M","AK","AK2",1,"StamenkovicRadak_1_AK2_1",32,1,"1"
"StamenkovicRadak","NS","M","AK","AK20",1,"StamenkovicRadak_4_AK20_1",28,1,"4"
"StamenkovicRadak","NS","M","AK","AK21",1,"StamenkovicRadak_4_AK21_1",31,1,"4"
"StamenkovicRadak","NS","M","AK","AK3",1,"StamenkovicRadak_1_AK3_1",30,1,"1"
"StamenkovicRadak","NS","M","AK","AK4",1,"StamenkovicRadak_1_AK4_1",36,1,"1"
"StamenkovicRadak","NS","M","AK","AK5",1,"StamenkovicRadak_2_AK5_1",35,1,"2"
"StamenkovicRadak","NS","M","AK","AK6",1,"StamenkovicRadak_2_AK6_1",31,1,"2"
"StamenkovicRadak","NS","M","AK","AK7",1,"StamenkovicRadak_3_AK7_1",34,1,"3"
"StamenkovicRadak","NS","M","AK","AK8",1,"StamenkovicRadak_3_AK8_1",32,1,"3"
"StamenkovicRadak","NS","M","AK","AK9",1,"StamenkovicRadak_2_AK9_1",29,1,"2"
"StamenkovicRadak","NS","M","AK","AK24",1,"StamenkovicRadak_4_AK24_1",26,1,"4"
"StamenkovicRadak","NS","M","GI","GI1",1,"StamenkovicRadak_1_GI1_1",30,1,"1"
"StamenkovicRadak","NS","M","GI","GI10",1,"StamenkovicRadak_3_GI10_1",38,1,"3"
"StamenkovicRadak","NS","M","GI","GI11",1,"StamenkovicRadak_2_GI11_1",25,1,"2"
"StamenkovicRadak","NS","M","GI","GI14",1,"StamenkovicRadak_4_GI14_1",30,1,"4"
"StamenkovicRadak","NS","M","GI","GI3",1,"StamenkovicRadak_1_GI3_1",27,1,"1"
"StamenkovicRadak","NS","M","GI","GI4",1,"StamenkovicRadak_1_GI4_1",30,1,"1"
"StamenkovicRadak","NS","M","GI","GI5",1,"StamenkovicRadak_1_GI5_1",25,1,"1"
"StamenkovicRadak","NS","M","GI","GI6",1,"StamenkovicRadak_2_GI6_1",33,1,"2"
"StamenkovicRadak","NS","M","GI","GI8",1,"StamenkovicRadak_2_GI8_1",30,1,"2"
"StamenkovicRadak","NS","M","GI","GI9",1,"StamenkovicRadak_4_GI9_1",31,1,"4"
"StamenkovicRadak","NS","M","KA","KA1",1,"StamenkovicRadak_1_KA1_1",29,1,"1"
"StamenkovicRadak","NS","M","KA","KA10",1,"StamenkovicRadak_2_KA10_1",32,1,"2"
"StamenkovicRadak","NS","M","KA","KA13",1,"StamenkovicRadak_2_KA13_1",29,1,"2"
"StamenkovicRadak","NS","M","KA","KA14",1,"StamenkovicRadak_3_KA14_1",28,1,"3"
"StamenkovicRadak","NS","M","KA","KA15",1,"StamenkovicRadak_3_KA15_1",33,1,"3"
"StamenkovicRadak","NS","M","KA","KA17",1,"StamenkovicRadak_3_KA17_1",25,1,"3"
"StamenkovicRadak","NS","M","KA","KA18",1,"StamenkovicRadak_3_KA18_1",29,1,"3"
"StamenkovicRadak","NS","M","KA","KA2",1,"StamenkovicRadak_1_KA2_1",26,1,"1"
"StamenkovicRadak","NS","M","KA","KA23",1,"StamenkovicRadak_4_KA23_1",27,1,"4"
"StamenkovicRadak","NS","M","KA","KA24",1,"StamenkovicRadak_4_KA24_1",38,1,"4"
"StamenkovicRadak","NS","M","KA","KA25",1,"StamenkovicRadak_4_KA25_1",26,1,"4"
"StamenkovicRadak","NS","M","KA","KA29",1,"StamenkovicRadak_4_KA29_1",27,1,"4"
"StamenkovicRadak","NS","M","KA","KA3",1,"StamenkovicRadak_1_KA3_1",25,1,"1"
"StamenkovicRadak","NS","M","KA","KA5",1,"StamenkovicRadak_1_KA5_1",33,1,"1"
"StamenkovicRadak","NS","M","KA","KA7",1,"StamenkovicRadak_2_KA7_1",29,1,"2"
"StamenkovicRadak","NS","M","KA","KA9",1,"StamenkovicRadak_2_KA9_1",23,1,"2"
"StamenkovicRadak","NS","M","MA","MA16",1,"StamenkovicRadak_5_MA16_1",35,1,"5"
"StamenkovicRadak","NS","M","MA","MA18",1,"StamenkovicRadak_3_MA18_1",30,1,"3"
"StamenkovicRadak","NS","M","MA","MA19",1,"StamenkovicRadak_3_MA19_1",26,1,"3"
"StamenkovicRadak","NS","M","MA","MA20",1,"StamenkovicRadak_2_MA20_1",31,1,"2"
"StamenkovicRadak","NS","M","MA","MA26",1,"StamenkovicRadak_3_MA26_1",31,1,"3"
"StamenkovicRadak","NS","M","MA","MA3",1,"StamenkovicRadak_1_MA3_1",30,1,"1"
"StamenkovicRadak","NS","M","MA","MA30",1,"StamenkovicRadak_4_MA30_1",31,1,"4"
"StamenkovicRadak","NS","M","MA","MA5",1,"StamenkovicRadak_1_MA5_1",28,1,"1"
"StamenkovicRadak","NS","M","MA","MA6",1,"StamenkovicRadak_1_MA6_1",30,1,"1"
"StamenkovicRadak","NS","M","MA","MA7",1,"StamenkovicRadak_1_MA7_1",33,1,"1"
"StamenkovicRadak","NS","M","MA","MA9",1,"StamenkovicRadak_2_MA9_1",21,1,"2"
"StamenkovicRadak","NS","M","MU","MU1",1,"StamenkovicRadak_1_MU1_1",32,1,"1"
"StamenkovicRadak","NS","M","MU","MU11",1,"StamenkovicRadak_3_MU11_1",34,1,"3"
"StamenkovicRadak","NS","M","MU","MU12",1,"StamenkovicRadak_2_MU12_1",32,1,"2"
"StamenkovicRadak","NS","M","MU","MU13",1,"StamenkovicRadak_3_MU13_1",29,1,"3"
"StamenkovicRadak","NS","M","MU","MU14",1,"StamenkovicRadak_3_MU14_1",33,1,"3"
"StamenkovicRadak","NS","M","MU","MU16",1,"StamenkovicRadak_4_MU16_1",24,1,"4"
"StamenkovicRadak","NS","M","MU","MU17",1,"StamenkovicRadak_4_MU17_1",28,1,"4"
"StamenkovicRadak","NS","M","MU","MU18",1,"StamenkovicRadak_4_MU18_1",35,1,"4"
"StamenkovicRadak","NS","M","MU","MU19",1,"StamenkovicRadak_4_MU19_1",35,1,"4"
"StamenkovicRadak","NS","M","MU","MU2",1,"StamenkovicRadak_1_MU2_1",33,1,"1"
"StamenkovicRadak","NS","M","MU","MU4",1,"StamenkovicRadak_4_MU4_1",32,1,"4"
"StamenkovicRadak","NS","M","MU","MU5",1,"StamenkovicRadak_1_MU5_1",33,1,"1"
"StamenkovicRadak","NS","M","MU","MU7",1,"StamenkovicRadak_2_MU7_1",32,1,"2"
"StamenkovicRadak","NS","M","MU","MU8",1,"StamenkovicRadak_3_MU8_1",32,1,"3"
"StamenkovicRadak","NS","M","MU","MU9",1,"StamenkovicRadak_2_MU9_1",32,1,"2"
"StamenkovicRadak","NS","M","RE","RE1",1,"StamenkovicRadak_4_RE1_1",22,1,"4"
"StamenkovicRadak","NS","M","RE","RE11",1,"StamenkovicRadak_3_RE11_1",29,1,"3"
"StamenkovicRadak","NS","M","RE","RE12",1,"StamenkovicRadak_2_RE12_1",28,1,"2"
"StamenkovicRadak","NS","M","RE","RE13",1,"StamenkovicRadak_2_RE13_1",26,1,"2"
"StamenkovicRadak","NS","M","RE","RE16",1,"StamenkovicRadak_2_RE16_1",29,1,"2"
"StamenkovicRadak","NS","M","RE","RE17",1,"StamenkovicRadak_3_RE17_1",28,1,"3"
"StamenkovicRadak","NS","M","RE","RE18",1,"StamenkovicRadak_3_RE18_1",30,1,"3"
"StamenkovicRadak","NS","M","RE","RE2",1,"StamenkovicRadak_1_RE2_1",29,1,"1"
"StamenkovicRadak","NS","M","RE","RE4",1,"StamenkovicRadak_4_RE4_1",29,1,"4"
"StamenkovicRadak","NS","M","RE","RE5",1,"StamenkovicRadak_1_RE5_1",26,1,"1"
"StamenkovicRadak","NS","M","RE","RE6",1,"StamenkovicRadak_4_RE6_1",27,1,"4"
"StamenkovicRadak","NS","M","RE","RE7",1,"StamenkovicRadak_4_RE7_1",29,1,"4"
"StamenkovicRadak","NS","M","RE","RE8",1,"StamenkovicRadak_3_RE8_1",30,1,"3"
"StamenkovicRadak","NS","M","UM","UM17",1,"StamenkovicRadak_2_UM17_1",28,1,"2"
"StamenkovicRadak","NS","M","UM","UM18",1,"StamenkovicRadak_2_UM18_1",29,1,"2"
"StamenkovicRadak","NS","M","UM","UM2",1,"StamenkovicRadak_1_UM2_1",29,1,"1"
"StamenkovicRadak","NS","M","UM","UM20",1,"StamenkovicRadak_2_UM20_1",26,1,"2"
"StamenkovicRadak","NS","M","UM","UM21",1,"StamenkovicRadak_2_UM21_1",29,1,"2"
"StamenkovicRadak","NS","M","UM","UM22",1,"StamenkovicRadak_3_UM22_1",25,1,"3"
"StamenkovicRadak","NS","M","UM","UM23",1,"StamenkovicRadak_3_UM23_1",26,1,"3"
"StamenkovicRadak","NS","M","UM","UM24",1,"StamenkovicRadak_4_UM24_1",30,1,"4"
"StamenkovicRadak","NS","M","UM","UM26",1,"StamenkovicRadak_3_UM26_1",33,1,"3"
"StamenkovicRadak","NS","M","UM","UM28",1,"StamenkovicRadak_3_UM28_1",28,1,"3"
"StamenkovicRadak","NS","M","UM","UM29",1,"StamenkovicRadak_4_UM29_1",24,1,"4"
"StamenkovicRadak","NS","M","UM","UM6",1,"StamenkovicRadak_4_UM6_1",32,1,"4"
"StamenkovicRadak","NS","M","UM","UM7",1,"StamenkovicRadak_1_UM7_1",28,1,"1"
"StamenkovicRadak","NS","M","UM","UM9",1,"StamenkovicRadak_1_UM9_1",29,1,"1"
"StamenkovicRadak","NS","M","VA","VA1",1,"StamenkovicRadak_1_VA1_1",29,1,"1"
"StamenkovicRadak","NS","M","VA","VA11",1,"StamenkovicRadak_1_VA11_1",31,1,"1"
"StamenkovicRadak","NS","M","VA","VA18",1,"StamenkovicRadak_2_VA18_1",27,1,"2"
"StamenkovicRadak","NS","M","VA","VA30",1,"StamenkovicRadak_2_VA30_1",34,1,"2"
"StamenkovicRadak","NS","M","VA","VA34",1,"StamenkovicRadak_3_VA34_1",28,1,"3"
"StamenkovicRadak","NS","M","VA","VA44",1,"StamenkovicRadak_2_VA44_1",28,1,"2"
"StamenkovicRadak","NS","M","VA","VA46",1,"StamenkovicRadak_4_VA46_1",31,1,"4"
"StamenkovicRadak","NS","M","VA","VA48",1,"StamenkovicRadak_3_VA48_1",32,1,"3"
"StamenkovicRadak","NS","M","VA","VA55",1,"StamenkovicRadak_4_VA55_1",27,1,"4"
"StamenkovicRadak","NS","M","VA","VA57",1,"StamenkovicRadak_4_VA57_1",30,1,"4"
"StamenkovicRadak","NS","M","VA","VA6",1,"StamenkovicRadak_1_VA6_1",32,1,"1"
"StamenkovicRadak","NS","M","VA","VA66",1,"StamenkovicRadak_4_VA66_1",30,1,"4"
"StamenkovicRadak","NS","M","VA","VA67",1,"StamenkovicRadak_4_VA67_1",26,1,"4"
"StamenkovicRadak","NS","M","VA","VA71",1,"StamenkovicRadak_4_VA71_1",26,1,"4"
"StamenkovicRadak","NS","M","VA","VA9",1,"StamenkovicRadak_1_VA9_1",31,1,"1"
"StamenkovicRadak","NS","M","YE","YE13",1,"StamenkovicRadak_1_YE13_1",27,1,"1"
"StamenkovicRadak","NS","M","YE","YE14",1,"StamenkovicRadak_1_YE14_1",29,1,"1"
"StamenkovicRadak","NS","M","YE","YE15",1,"StamenkovicRadak_1_YE15_1",33,1,"1"
"StamenkovicRadak","NS","M","YE","YE20",1,"StamenkovicRadak_2_YE20_1",26,1,"2"
"StamenkovicRadak","NS","M","YE","YE22",1,"StamenkovicRadak_2_YE22_1",25,1,"2"
"StamenkovicRadak","NS","M","YE","YE23",1,"StamenkovicRadak_2_YE23_1",33,1,"2"
"StamenkovicRadak","NS","M","YE","YE24",1,"StamenkovicRadak_3_YE24_1",30,1,"3"
"StamenkovicRadak","NS","M","YE","YE33",1,"StamenkovicRadak_3_YE33_1",31,1,"3"
"StamenkovicRadak","NS","M","YE","YE40",1,"StamenkovicRadak_3_YE40_1",25,1,"3"
"StamenkovicRadak","NS","M","YE","YE41",1,"StamenkovicRadak_3_YE41_1",29,1,"3"
"StamenkovicRadak","NS","M","YE","YE49",1,"StamenkovicRadak_4_YE49_1",28,1,"4"
"StamenkovicRadak","NS","M","YE","YE51",1,"StamenkovicRadak_4_YE51_1",25,1,"4"
"StamenkovicRadak","NS","M","YE","YE69",1,"StamenkovicRadak_4_YE69_1",31,1,"4"
"StamenkovicRadak","NS","M","YE","YE80",1,"StamenkovicRadak_4_YE80_1",34,1,"4"
"Onder","NS","F","AK","AK1",3,"Onder_1_AK1_1; Onder_1_AK1_2; Onder_1_AK1_3",30,1,"1"
"Onder","NS","F","AK","AK10",3,"Onder_2_AK10_1; Onder_2_AK10_2; Onder_2_AK10_3",31,1,"2"
"Onder","NS","F","AK","AK11",3,"Onder_3_AK11_1; Onder_3_AK11_2; Onder_3_AK11_3",30,1,"3"
"Onder","NS","F","AK","AK12",3,"Onder_3_AK12_1; Onder_3_AK12_2; Onder_3_AK12_3",30,1,"3"
"Onder","NS","F","AK","AK13",3,"Onder_3_AK13_1; Onder_3_AK13_2; Onder_3_AK13_3",30,1,"3"
"Onder","NS","F","AK","AK14",3,"Onder_3_AK14_1; Onder_3_AK14_2; Onder_3_AK14_3",30,1,"3"
"Onder","NS","F","AK","AK15",3,"Onder_3_AK15_1; Onder_3_AK15_2; Onder_3_AK15_3",30,1,"3"
"Onder","NS","F","AK","AK16",3,"Onder_4_AK16_1; Onder_4_AK16_2; Onder_4_AK16_3",30,1,"4"
"Onder","NS","F","AK","AK17",3,"Onder_4_AK17_1; Onder_4_AK17_2; Onder_4_AK17_3",30,1,"4"
"Onder","NS","F","AK","AK18",3,"Onder_4_AK18_1; Onder_4_AK18_2; Onder_4_AK18_3",30,1,"4"
"Onder","NS","F","AK","AK2",3,"Onder_1_AK2_1; Onder_1_AK2_2; Onder_1_AK2_3",32,1,"1"
"Onder","NS","F","AK","AK20",3,"Onder_4_AK20_1; Onder_4_AK20_2; Onder_4_AK20_3",30,1,"4"
"Onder","NS","F","AK","AK21",3,"Onder_4_AK21_1; Onder_4_AK21_2; Onder_4_AK21_3",30,1,"4"
"Onder","NS","F","AK","AK3",3,"Onder_6_AK3_1; Onder_6_AK3_2; Onder_6_AK3_3",30,1,"6"
"Onder","NS","F","AK","AK4",3,"Onder_1_AK4_1; Onder_1_AK4_2; Onder_1_AK4_3",30,1,"1"
"Onder","NS","F","AK","AK5",3,"Onder_1_AK5_1; Onder_1_AK5_2; Onder_1_AK5_3",30,1,"1"
"Onder","NS","F","AK","AK6",3,"Onder_2_AK6_1; Onder_2_AK6_2; Onder_2_AK6_3",30,1,"2"
"Onder","NS","F","AK","AK7",3,"Onder_2_AK7_1; Onder_2_AK7_2; Onder_2_AK7_3",30,1,"2"
"Onder","NS","F","AK","AK8",3,"Onder_2_AK8_1; Onder_2_AK8_2; Onder_2_AK8_3",30,1,"2"
"Onder","NS","F","AK","AK9",3,"Onder_2_AK9_1; Onder_2_AK9_2; Onder_2_AK9_3",30,1,"2"
"Onder","NS","F","GI","GI1",3,"Onder_1_GI1_1; Onder_1_GI1_2; Onder_1_GI1_3",30,1,"1"
"Onder","NS","F","GI","GI10",3,"Onder_2_GI10_1; Onder_2_GI10_2; Onder_2_GI10_3",30,1,"2"
"Onder","NS","F","GI","GI11",3,"Onder_2_GI11_1; Onder_2_GI11_2; Onder_2_GI11_3",30,1,"2"
"Onder","NS","F","GI","GI12",3,"Onder_5_GI12_1; Onder_5_GI12_2; Onder_5_GI12_3",30,1,"5"
"Onder","NS","F","GI","GI13",3,"Onder_3_GI13_1; Onder_3_GI13_2; Onder_3_GI13_3",30,1,"3"
"Onder","NS","F","GI","GI14",3,"Onder_3_GI14_1; Onder_3_GI14_2; Onder_3_GI14_3",30,1,"3"
"Onder","NS","F","GI","GI15",3,"Onder_3_GI15_1; Onder_3_GI15_2; Onder_3_GI15_3",30,1,"3"
"Onder","NS","F","GI","GI2",3,"Onder_1_GI2_1; Onder_1_GI2_2; Onder_1_GI2_3",31,1,"1"
"Onder","NS","F","GI","GI3",3,"Onder_1_GI3_1; Onder_1_GI3_2; Onder_1_GI3_3",30,1,"1"
"Onder","NS","F","GI","GI4",3,"Onder_1_GI4_1; Onder_1_GI4_2; Onder_1_GI4_3",31,1,"1"
"Onder","NS","F","GI","GI5",3,"Onder_6_GI5_1; Onder_6_GI5_2; Onder_6_GI5_3",29,1,"6"
"Onder","NS","F","GI","GI6",3,"Onder_2_GI6_1; Onder_2_GI6_2; Onder_2_GI6_3",29,1,"2"
"Onder","NS","F","GI","GI7",3,"Onder_2_GI7_1; Onder_2_GI7_2; Onder_2_GI7_3",30,1,"2"
"Onder","NS","F","GI","GI8",3,"Onder_2_GI8_1; Onder_2_GI8_2; Onder_2_GI8_3",30,1,"2"
"Onder","NS","F","GI","GI9",3,"Onder_2_GI9_1; Onder_2_GI9_2; Onder_2_GI9_3",30,1,"2"
"Onder","NS","F","KA","KA1",3,"Onder_5_KA1_1; Onder_5_KA1_2; Onder_5_KA1_3",30,1,"5"
"Onder","NS","F","KA","KA10",3,"Onder_6_KA10_1; Onder_6_KA10_2; Onder_6_KA10_3",30,1,"6"
"Onder","NS","F","KA","KA11",3,"Onder_2_KA11_1; Onder_2_KA11_2; Onder_2_KA11_3",30,1,"2"
"Onder","NS","F","KA","KA13",3,"Onder_2_KA13_1; Onder_2_KA13_2; Onder_2_KA13_3",30,1,"2"
"Onder","NS","F","KA","KA14",3,"Onder_3_KA14_1; Onder_3_KA14_2; Onder_3_KA14_3",30,1,"3"
"Onder","NS","F","KA","KA15",3,"Onder_3_KA15_1; Onder_3_KA15_2; Onder_3_KA15_3",30,1,"3"
"Onder","NS","F","KA","KA16",3,"Onder_3_KA16_1; Onder_3_KA16_2; Onder_3_KA16_3",30,1,"3"
"Onder","NS","F","KA","KA17",3,"Onder_3_KA17_1; Onder_3_KA17_2; Onder_3_KA17_3",30,1,"3"
"Onder","NS","F","KA","KA18",3,"Onder_5_KA18_1; Onder_5_KA18_2; Onder_5_KA18_3",30,1,"5"
"Onder","NS","F","KA","KA2",3,"Onder_1_KA2_1; Onder_1_KA2_2; Onder_1_KA2_3",33,1,"1"
"Onder","NS","F","KA","KA23",3,"Onder_5_KA23_1; Onder_5_KA23_2; Onder_5_KA23_3",30,1,"5"
"Onder","NS","F","KA","KA24",3,"Onder_5_KA24_1; Onder_5_KA24_2; Onder_5_KA24_3",30,1,"5"
"Onder","NS","F","KA","KA25",3,"Onder_5_KA25_1; Onder_5_KA25_2; Onder_5_KA25_3",30,1,"5"
"Onder","NS","F","KA","KA28",3,"Onder_5_KA28_1; Onder_5_KA28_2; Onder_5_KA28_3",30,1,"5"
"Onder","NS","F","KA","KA29",3,"Onder_5_KA29_1; Onder_5_KA29_2; Onder_5_KA29_3",30,1,"5"
"Onder","NS","F","KA","KA3",3,"Onder_1_KA3_1; Onder_1_KA3_2; Onder_1_KA3_3",34,1,"1"
"Onder","NS","F","KA","KA5",3,"Onder_1_KA5_1; Onder_1_KA5_2; Onder_1_KA5_3",35,1,"1"
"Onder","NS","F","KA","KA6",3,"Onder_1_KA6_1; Onder_1_KA6_2; Onder_1_KA6_3",30,1,"1"
"Onder","NS","F","KA","KA7",3,"Onder_2_KA7_1; Onder_2_KA7_2; Onder_2_KA7_3",31,1,"2"
"Onder","NS","F","KA","KA9",3,"Onder_2_KA9_1; Onder_2_KA9_2; Onder_2_KA9_3",30,1,"2"
"Onder","NS","F","MA","MA12",3,"Onder_2_MA12_1; Onder_2_MA12_2; Onder_2_MA12_3",30,1,"2"
"Onder","NS","F","MA","MA13",3,"Onder_2_MA13_1; Onder_2_MA13_2; Onder_2_MA13_3",30,1,"2"
"Onder","NS","F","MA","MA16",3,"Onder_2_MA16_1; Onder_2_MA16_2; Onder_2_MA16_3",32,1,"2"
"Onder","NS","F","MA","MA18",3,"Onder_2_MA18_1; Onder_2_MA18_2; Onder_2_MA18_3",31,1,"2"
"Onder","NS","F","MA","MA19",3,"Onder_2_MA19_1; Onder_2_MA19_2; Onder_2_MA19_3",34,1,"2"
"Onder","NS","F","MA","MA20",3,"Onder_3_MA20_1; Onder_3_MA20_2; Onder_3_MA20_3",29,1,"3"
"Onder","NS","F","MA","MA21",3,"Onder_3_MA21_1; Onder_3_MA21_2; Onder_3_MA21_3",30,1,"3"
"Onder","NS","F","MA","MA23",3,"Onder_3_MA23_1; Onder_3_MA23_2; Onder_3_MA23_3",30,1,"3"
"Onder","NS","F","MA","MA26",3,"Onder_3_MA26_1; Onder_3_MA26_2; Onder_3_MA26_3",30,1,"3"
"Onder","NS","F","MA","MA27",3,"Onder_3_MA27_1; Onder_3_MA27_2; Onder_3_MA27_3",30,1,"3"
"Onder","NS","F","MA","MA28",3,"Onder_4_MA28_1; Onder_4_MA28_2; Onder_4_MA28_3",30,1,"4"
"Onder","NS","F","MA","MA3",3,"Onder_1_MA3_1; Onder_1_MA3_2; Onder_1_MA3_3",30,1,"1"
"Onder","NS","F","MA","MA30",3,"Onder_4_MA30_1; Onder_4_MA30_2; Onder_4_MA30_3",30,1,"4"
"Onder","NS","F","MA","MA31",3,"Onder_4_MA31_1; Onder_4_MA31_2; Onder_4_MA31_3",30,1,"4"
"Onder","NS","F","MA","MA32",3,"Onder_4_MA32_1; Onder_4_MA32_2; Onder_4_MA32_3",30,1,"4"
"Onder","NS","F","MA","MA33",3,"Onder_4_MA33_1; Onder_4_MA33_2; Onder_4_MA33_3",30,1,"4"
"Onder","NS","F","MA","MA5",3,"Onder_1_MA5_1; Onder_1_MA5_2; Onder_1_MA5_3",31,1,"1"
"Onder","NS","F","MA","MA6",3,"Onder_1_MA6_1; Onder_1_MA6_2; Onder_1_MA6_3",30,1,"1"
"Onder","NS","F","MA","MA7",3,"Onder_1_MA7_1; Onder_1_MA7_2; Onder_1_MA7_3",30,1,"1"
"Onder","NS","F","MA","MA9",3,"Onder_1_MA9_1; Onder_1_MA9_2; Onder_1_MA9_3",31,1,"1"
"Onder","NS","F","MU","MU1",3,"Onder_5_MU1_1; Onder_5_MU1_2; Onder_5_MU1_3",30,1,"5"
"Onder","NS","F","MU","MU10",3,"Onder_2_MU10_1; Onder_2_MU10_2; Onder_2_MU10_3",30,1,"2"
"Onder","NS","F","MU","MU11",3,"Onder_3_MU11_1; Onder_3_MU11_2; Onder_3_MU11_3",30,1,"3"
"Onder","NS","F","MU","MU12",3,"Onder_3_MU12_1; Onder_3_MU12_2; Onder_3_MU12_3",30,1,"3"
"Onder","NS","F","MU","MU13",3,"Onder_3_MU13_1; Onder_3_MU13_2; Onder_3_MU13_3",30,1,"3"
"Onder","NS","F","MU","MU14",3,"Onder_5_MU14_1; Onder_5_MU14_2; Onder_5_MU14_3",30,1,"5"
"Onder","NS","F","MU","MU15",3,"Onder_3_MU15_1; Onder_3_MU15_2; Onder_3_MU15_3",30,1,"3"
"Onder","NS","F","MU","MU16",3,"Onder_4_MU16_1; Onder_4_MU16_2; Onder_4_MU16_3",30,1,"4"
"Onder","NS","F","MU","MU17",3,"Onder_4_MU17_1; Onder_4_MU17_2; Onder_4_MU17_3",30,1,"4"
"Onder","NS","F","MU","MU18",3,"Onder_4_MU18_1; Onder_4_MU18_2; Onder_4_MU18_3",30,1,"4"
"Onder","NS","F","MU","MU19",3,"Onder_4_MU19_1; Onder_4_MU19_2; Onder_4_MU19_3",30,1,"4"
"Onder","NS","F","MU","MU2",3,"Onder_1_MU2_1; Onder_1_MU2_2; Onder_1_MU2_3",34,1,"1"
"Onder","NS","F","MU","MU20",3,"Onder_5_MU20_1; Onder_5_MU20_2; Onder_5_MU20_3",30,1,"5"
"Onder","NS","F","MU","MU3",21,"Onder_1_MU3_1; Onder_1_MU3_2; Onder_1_MU3_3; Onder_2_MU3_1; Onder_2_MU3_2; Onder_2_MU3_3; Onder_3_MU3_1; Onder_3_MU3_2; Onder_3_MU3_3; Onder_4_MU3_1; Onder_4_MU3_2; Onder_4_MU3_3; Onder_5_MU3_1; Onder_5_MU3_2; Onder_5_MU3_3; Onder_6_MU3_1; Onder_6_MU3_2; Onder_6_MU3_3; Onder_7_MU3_1; Onder_7_MU3_2; Onder_7_MU3_3",210,7,"1; 2; 3; 4; 5; 6; 7"
"Onder","NS","F","MU","MU4",3,"Onder_7_MU4_1; Onder_7_MU4_2; Onder_7_MU4_3",30,1,"7"
"Onder","NS","F","MU","MU5",3,"Onder_1_MU5_1; Onder_1_MU5_2; Onder_1_MU5_3",31,1,"1"
"Onder","NS","F","MU","MU6",3,"Onder_2_MU6_1; Onder_2_MU6_2; Onder_2_MU6_3",30,1,"2"
"Onder","NS","F","MU","MU7",3,"Onder_2_MU7_1; Onder_2_MU7_2; Onder_2_MU7_3",30,1,"2"
"Onder","NS","F","MU","MU8",3,"Onder_2_MU8_1; Onder_2_MU8_2; Onder_2_MU8_3",30,1,"2"
"Onder","NS","F","MU","MU9",3,"Onder_2_MU9_1; Onder_2_MU9_2; Onder_2_MU9_3",30,1,"2"
"Onder","NS","F","RE","RE1",3,"Onder_5_RE1_1; Onder_5_RE1_2; Onder_5_RE1_3",32,1,"5"
"Onder","NS","F","RE","RE10",3,"Onder_2_RE10_1; Onder_2_RE10_2; Onder_2_RE10_3",35,1,"2"
"Onder","NS","F","RE","RE11",3,"Onder_2_RE11_1; Onder_2_RE11_2; Onder_2_RE11_3",30,1,"2"
"Onder","NS","F","RE","RE12",3,"Onder_3_RE12_1; Onder_3_RE12_2; Onder_3_RE12_3",30,1,"3"
"Onder","NS","F","RE","RE13",3,"Onder_3_RE13_1; Onder_3_RE13_2; Onder_3_RE13_3",30,1,"3"
"Onder","NS","F","RE","RE15",3,"Onder_3_RE15_1; Onder_3_RE15_2; Onder_3_RE15_3",30,1,"3"
"Onder","NS","F","RE","RE16",3,"Onder_3_RE16_1; Onder_3_RE16_2; Onder_3_RE16_3",30,1,"3"
"Onder","NS","F","RE","RE17",3,"Onder_3_RE17_1; Onder_3_RE17_2; Onder_3_RE17_3",30,1,"3"
"Onder","NS","F","RE","RE18",3,"Onder_4_RE18_1; Onder_4_RE18_2; Onder_4_RE18_3",30,1,"4"
"Onder","NS","F","RE","RE2",3,"Onder_5_RE2_1; Onder_5_RE2_2; Onder_5_RE2_3",27,1,"5"
"Onder","NS","F","RE","RE3",3,"Onder_5_RE3_1; Onder_5_RE3_2; Onder_5_RE3_3",30,1,"5"
"Onder","NS","F","RE","RE4",3,"Onder_6_RE4_1; Onder_6_RE4_2; Onder_6_RE4_3",30,1,"6"
"Onder","NS","F","RE","RE5",3,"Onder_1_RE5_1; Onder_1_RE5_2; Onder_1_RE5_3",31,1,"1"
"Onder","NS","F","RE","RE6",3,"Onder_2_RE6_1; Onder_2_RE6_2; Onder_2_RE6_3",30,1,"2"
"Onder","NS","F","RE","RE7",3,"Onder_2_RE7_1; Onder_2_RE7_2; Onder_2_RE7_3",30,1,"2"
"Onder","NS","F","RE","RE8",3,"Onder_2_RE8_1; Onder_2_RE8_2; Onder_2_RE8_3",30,1,"2"
"Onder","NS","F","UM","UM13",3,"Onder_2_UM13_1; Onder_2_UM13_2; Onder_2_UM13_3",30,1,"2"
"Onder","NS","F","UM","UM17",2,"Onder_2_UM17_1; Onder_2_UM17_2",30,1,"2"
"Onder","NS","F","UM","UM18",3,"Onder_2_UM18_1; Onder_2_UM18_2; Onder_2_UM18_3",30,1,"2"
"Onder","NS","F","UM","UM2",3,"Onder_5_UM2_1; Onder_5_UM2_2; Onder_5_UM2_3",34,1,"5"
"Onder","NS","F","UM","UM20",3,"Onder_3_UM20_1; Onder_3_UM20_2; Onder_3_UM20_3",30,1,"3"
"Onder","NS","F","UM","UM21",3,"Onder_3_UM21_1; Onder_3_UM21_2; Onder_3_UM21_3",30,1,"3"
"Onder","NS","F","UM","UM22",3,"Onder_6_UM22_1; Onder_6_UM22_2; Onder_6_UM22_3",30,1,"6"
"Onder","NS","F","UM","UM23",3,"Onder_3_UM23_1; Onder_3_UM23_2; Onder_3_UM23_3",30,1,"3"
"Onder","NS","F","UM","UM25",3,"Onder_5_UM25_1; Onder_5_UM25_2; Onder_5_UM25_3",30,1,"5"
"Onder","NS","F","UM","UM26",3,"Onder_3_UM26_1; Onder_3_UM26_2; Onder_3_UM26_3",30,1,"3"
"Onder","NS","F","UM","UM28",3,"Onder_4_UM28_1; Onder_4_UM28_2; Onder_4_UM28_3",30,1,"4"
"Onder","NS","F","UM","UM29",3,"Onder_5_UM29_1; Onder_5_UM29_2; Onder_5_UM29_3",30,1,"5"
"Onder","NS","F","UM","UM4",3,"Onder_6_UM4_1; Onder_6_UM4_2; Onder_6_UM4_3",30,1,"6"
"Onder","NS","F","UM","UM5",3,"Onder_1_UM5_1; Onder_1_UM5_2; Onder_1_UM5_3",33,1,"1"
"Onder","NS","F","UM","UM6",3,"Onder_5_UM6_1; Onder_5_UM6_2; Onder_5_UM6_3",31,1,"5"
"Onder","NS","F","UM","UM7",3,"Onder_1_UM7_1; Onder_1_UM7_2; Onder_1_UM7_3",31,1,"1"
"Onder","NS","F","UM","UM9",3,"Onder_2_UM9_1; Onder_2_UM9_2; Onder_2_UM9_3",30,1,"2"
"Onder","NS","F","VA","VA1",3,"Onder_1_VA1_1; Onder_1_VA1_2; Onder_1_VA1_3",30,1,"1"
"Onder","NS","F","VA","VA11",3,"Onder_1_VA11_1; Onder_1_VA11_2; Onder_1_VA11_3",30,1,"1"
"Onder","NS","F","VA","VA15",3,"Onder_5_VA15_1; Onder_5_VA15_2; Onder_5_VA15_3",30,1,"5"
"Onder","NS","F","VA","VA18",3,"Onder_2_VA18_1; Onder_2_VA18_2; Onder_2_VA18_3",30,1,"2"
"Onder","NS","F","VA","VA22",3,"Onder_2_VA22_1; Onder_2_VA22_2; Onder_2_VA22_3",32,1,"2"
"Onder","NS","F","VA","VA26",3,"Onder_2_VA26_1; Onder_2_VA26_2; Onder_2_VA26_3",30,1,"2"
"Onder","NS","F","VA","VA30",3,"Onder_2_VA30_1; Onder_2_VA30_2; Onder_2_VA30_3",30,1,"2"
"Onder","NS","F","VA","VA34",3,"Onder_2_VA34_1; Onder_2_VA34_2; Onder_2_VA34_3",30,1,"2"
"Onder","NS","F","VA","VA35",3,"Onder_3_VA35_1; Onder_3_VA35_2; Onder_3_VA35_3",30,1,"3"
"Onder","NS","F","VA","VA44",3,"Onder_3_VA44_1; Onder_3_VA44_2; Onder_3_VA44_3",30,1,"3"
"Onder","NS","F","VA","VA46",3,"Onder_3_VA46_1; Onder_3_VA46_2; Onder_3_VA46_3",30,1,"3"
"Onder","NS","F","VA","VA47",3,"Onder_5_VA47_1; Onder_5_VA47_2; Onder_5_VA47_3",30,1,"5"
"Onder","NS","F","VA","VA48",3,"Onder_3_VA48_1; Onder_3_VA48_2; Onder_3_VA48_3",30,1,"3"
"Onder","NS","F","VA","VA55",3,"Onder_4_VA55_1; Onder_4_VA55_2; Onder_4_VA55_3",30,1,"4"
"Onder","NS","F","VA","VA57",3,"Onder_5_VA57_1; Onder_5_VA57_2; Onder_5_VA57_3",30,1,"5"
"Onder","NS","F","VA","VA6",3,"Onder_1_VA6_1; Onder_1_VA6_2; Onder_1_VA6_3",31,1,"1"
"Onder","NS","F","VA","VA66",3,"Onder_5_VA66_1; Onder_5_VA66_2; Onder_5_VA66_3",30,1,"5"
"Onder","NS","F","VA","VA67",3,"Onder_4_VA67_1; Onder_4_VA67_2; Onder_4_VA67_3",30,1,"4"
"Onder","NS","F","VA","VA71",3,"Onder_4_VA71_1; Onder_4_VA71_2; Onder_4_VA71_3",30,1,"4"
"Onder","NS","F","VA","VA9",3,"Onder_1_VA9_1; Onder_1_VA9_2; Onder_1_VA9_3",33,1,"1"
"Onder","NS","F","YE","YE13",3,"Onder_1_YE13_1; Onder_1_YE13_2; Onder_1_YE13_3",31,1,"1"
"Onder","NS","F","YE","YE14",3,"Onder_1_YE14_1; Onder_1_YE14_2; Onder_1_YE14_3",30,1,"1"
"Onder","NS","F","YE","YE15",3,"Onder_6_YE15_1; Onder_6_YE15_2; Onder_6_YE15_3",29,1,"6"
"Onder","NS","F","YE","YE19",3,"Onder_1_YE19_1; Onder_1_YE19_2; Onder_1_YE19_3",30,1,"1"
"Onder","NS","F","YE","YE20",3,"Onder_2_YE20_1; Onder_2_YE20_2; Onder_2_YE20_3",30,1,"2"
"Onder","NS","F","YE","YE21",3,"Onder_2_YE21_1; Onder_2_YE21_2; Onder_2_YE21_3",30,1,"2"
"Onder","NS","F","YE","YE22",3,"Onder_2_YE22_1; Onder_2_YE22_2; Onder_2_YE22_3",38,1,"2"
"Onder","NS","F","YE","YE23",3,"Onder_2_YE23_1; Onder_2_YE23_2; Onder_2_YE23_3",30,1,"2"
"Onder","NS","F","YE","YE24",3,"Onder_2_YE24_1; Onder_2_YE24_2; Onder_2_YE24_3",30,1,"2"
"Onder","NS","F","YE","YE26",3,"Onder_5_YE26_1; Onder_5_YE26_2; Onder_5_YE26_3",30,1,"5"
"Onder","NS","F","YE","YE27",3,"Onder_3_YE27_1; Onder_3_YE27_2; Onder_3_YE27_3",30,1,"3"
"Onder","NS","F","YE","YE33",3,"Onder_3_YE33_1; Onder_3_YE33_2; Onder_3_YE33_3",30,1,"3"
"Onder","NS","F","YE","YE40",3,"Onder_3_YE40_1; Onder_3_YE40_2; Onder_3_YE40_3",30,1,"3"
"Onder","NS","F","YE","YE41",3,"Onder_3_YE41_1; Onder_3_YE41_2; Onder_3_YE41_3",30,1,"3"
"Onder","NS","F","YE","YE48",3,"Onder_5_YE48_1; Onder_5_YE48_2; Onder_5_YE48_3",30,1,"5"
"Onder","NS","F","YE","YE49",3,"Onder_4_YE49_1; Onder_4_YE49_2; Onder_4_YE49_3",30,1,"4"
"Onder","NS","F","YE","YE51",3,"Onder_5_YE51_1; Onder_5_YE51_2; Onder_5_YE51_3",30,1,"5"
"Onder","NS","F","YE","YE69",3,"Onder_4_YE69_1; Onder_4_YE69_2; Onder_4_YE69_3",30,1,"4"
"Onder","NS","F","YE","YE80",3,"Onder_4_YE80_1; Onder_4_YE80_2; Onder_4_YE80_3",30,1,"4"
"Onder","NS","M","AK","AK1",3,"Onder_1_AK1_1; Onder_1_AK1_2; Onder_1_AK1_3",30,1,"1"
"Onder","NS","M","AK","AK10",3,"Onder_2_AK10_1; Onder_2_AK10_2; Onder_2_AK10_3",32,1,"2"
"Onder","NS","M","AK","AK11",3,"Onder_3_AK11_1; Onder_3_AK11_2; Onder_3_AK11_3",30,1,"3"
"Onder","NS","M","AK","AK12",3,"Onder_3_AK12_1; Onder_3_AK12_2; Onder_3_AK12_3",30,1,"3"
"Onder","NS","M","AK","AK13",3,"Onder_3_AK13_1; Onder_3_AK13_2; Onder_3_AK13_3",30,1,"3"
"Onder","NS","M","AK","AK14",3,"Onder_3_AK14_1; Onder_3_AK14_2; Onder_3_AK14_3",30,1,"3"
"Onder","NS","M","AK","AK15",3,"Onder_3_AK15_1; Onder_3_AK15_2; Onder_3_AK15_3",30,1,"3"
"Onder","NS","M","AK","AK16",3,"Onder_4_AK16_1; Onder_4_AK16_2; Onder_4_AK16_3",30,1,"4"
"Onder","NS","M","AK","AK17",3,"Onder_4_AK17_1; Onder_4_AK17_2; Onder_4_AK17_3",30,1,"4"
"Onder","NS","M","AK","AK18",3,"Onder_4_AK18_1; Onder_4_AK18_2; Onder_4_AK18_3",30,1,"4"
"Onder","NS","M","AK","AK2",3,"Onder_1_AK2_1; Onder_1_AK2_2; Onder_1_AK2_3",29,1,"1"
"Onder","NS","M","AK","AK20",3,"Onder_4_AK20_1; Onder_4_AK20_2; Onder_4_AK20_3",30,1,"4"
"Onder","NS","M","AK","AK21",3,"Onder_4_AK21_1; Onder_4_AK21_2; Onder_4_AK21_3",30,1,"4"
"Onder","NS","M","AK","AK3",3,"Onder_6_AK3_1; Onder_6_AK3_2; Onder_6_AK3_3",31,1,"6"
"Onder","NS","M","AK","AK4",3,"Onder_1_AK4_1; Onder_1_AK4_2; Onder_1_AK4_3",30,1,"1"
"Onder","NS","M","AK","AK5",3,"Onder_1_AK5_1; Onder_1_AK5_2; Onder_1_AK5_3",30,1,"1"
"Onder","NS","M","AK","AK6",3,"Onder_2_AK6_1; Onder_2_AK6_2; Onder_2_AK6_3",30,1,"2"
"Onder","NS","M","AK","AK7",3,"Onder_2_AK7_1; Onder_2_AK7_2; Onder_2_AK7_3",30,1,"2"
"Onder","NS","M","AK","AK8",3,"Onder_2_AK8_1; Onder_2_AK8_2; Onder_2_AK8_3",30,1,"2"
"Onder","NS","M","AK","AK9",3,"Onder_2_AK9_1; Onder_2_AK9_2; Onder_2_AK9_3",30,1,"2"
"Onder","NS","M","GI","GI1",3,"Onder_1_GI1_1; Onder_1_GI1_2; Onder_1_GI1_3",30,1,"1"
"Onder","NS","M","GI","GI10",3,"Onder_2_GI10_1; Onder_2_GI10_2; Onder_2_GI10_3",30,1,"2"
"Onder","NS","M","GI","GI11",3,"Onder_2_GI11_1; Onder_2_GI11_2; Onder_2_GI11_3",30,1,"2"
"Onder","NS","M","GI","GI12",3,"Onder_5_GI12_1; Onder_5_GI12_2; Onder_5_GI12_3",30,1,"5"
"Onder","NS","M","GI","GI13",3,"Onder_3_GI13_1; Onder_3_GI13_2; Onder_3_GI13_3",30,1,"3"
"Onder","NS","M","GI","GI14",3,"Onder_3_GI14_1; Onder_3_GI14_2; Onder_3_GI14_3",30,1,"3"
"Onder","NS","M","GI","GI15",3,"Onder_3_GI15_1; Onder_3_GI15_2; Onder_3_GI15_3",30,1,"3"
"Onder","NS","M","GI","GI2",3,"Onder_1_GI2_1; Onder_1_GI2_2; Onder_1_GI2_3",30,1,"1"
"Onder","NS","M","GI","GI3",3,"Onder_1_GI3_1; Onder_1_GI3_2; Onder_1_GI3_3",32,1,"1"
"Onder","NS","M","GI","GI4",3,"Onder_1_GI4_1; Onder_1_GI4_2; Onder_1_GI4_3",32,1,"1"
"Onder","NS","M","GI","GI5",3,"Onder_6_GI5_1; Onder_6_GI5_2; Onder_6_GI5_3",30,1,"6"
"Onder","NS","M","GI","GI6",3,"Onder_2_GI6_1; Onder_2_GI6_2; Onder_2_GI6_3",31,1,"2"
"Onder","NS","M","GI","GI7",3,"Onder_2_GI7_1; Onder_2_GI7_2; Onder_2_GI7_3",33,1,"2"
"Onder","NS","M","GI","GI8",3,"Onder_2_GI8_1; Onder_2_GI8_2; Onder_2_GI8_3",30,1,"2"
"Onder","NS","M","GI","GI9",3,"Onder_2_GI9_1; Onder_2_GI9_2; Onder_2_GI9_3",30,1,"2"
"Onder","NS","M","KA","KA1",3,"Onder_5_KA1_1; Onder_5_KA1_2; Onder_5_KA1_3",32,1,"5"
"Onder","NS","M","KA","KA10",3,"Onder_6_KA10_1; Onder_6_KA10_2; Onder_6_KA10_3",31,1,"6"
"Onder","NS","M","KA","KA11",3,"Onder_2_KA11_1; Onder_2_KA11_2; Onder_2_KA11_3",30,1,"2"
"Onder","NS","M","KA","KA13",3,"Onder_2_KA13_1; Onder_2_KA13_2; Onder_2_KA13_3",30,1,"2"
"Onder","NS","M","KA","KA14",3,"Onder_3_KA14_1; Onder_3_KA14_2; Onder_3_KA14_3",30,1,"3"
"Onder","NS","M","KA","KA15",3,"Onder_3_KA15_1; Onder_3_KA15_2; Onder_3_KA15_3",30,1,"3"
"Onder","NS","M","KA","KA16",3,"Onder_3_KA16_1; Onder_3_KA16_2; Onder_3_KA16_3",30,1,"3"
"Onder","NS","M","KA","KA17",3,"Onder_3_KA17_1; Onder_3_KA17_2; Onder_3_KA17_3",30,1,"3"
"Onder","NS","M","KA","KA18",3,"Onder_5_KA18_1; Onder_5_KA18_2; Onder_5_KA18_3",30,1,"5"
"Onder","NS","M","KA","KA2",3,"Onder_1_KA2_1; Onder_1_KA2_2; Onder_1_KA2_3",30,1,"1"
"Onder","NS","M","KA","KA23",3,"Onder_5_KA23_1; Onder_5_KA23_2; Onder_5_KA23_3",30,1,"5"
"Onder","NS","M","KA","KA24",3,"Onder_5_KA24_1; Onder_5_KA24_2; Onder_5_KA24_3",30,1,"5"
"Onder","NS","M","KA","KA25",3,"Onder_5_KA25_1; Onder_5_KA25_2; Onder_5_KA25_3",30,1,"5"
"Onder","NS","M","KA","KA28",3,"Onder_5_KA28_1; Onder_5_KA28_2; Onder_5_KA28_3",30,1,"5"
"Onder","NS","M","KA","KA29",3,"Onder_5_KA29_1; Onder_5_KA29_2; Onder_5_KA29_3",30,1,"5"
"Onder","NS","M","KA","KA3",3,"Onder_1_KA3_1; Onder_1_KA3_2; Onder_1_KA3_3",34,1,"1"
"Onder","NS","M","KA","KA5",3,"Onder_1_KA5_1; Onder_1_KA5_2; Onder_1_KA5_3",35,1,"1"
"Onder","NS","M","KA","KA6",3,"Onder_1_KA6_1; Onder_1_KA6_2; Onder_1_KA6_3",30,1,"1"
"Onder","NS","M","KA","KA7",3,"Onder_2_KA7_1; Onder_2_KA7_2; Onder_2_KA7_3",29,1,"2"
"Onder","NS","M","KA","KA9",3,"Onder_2_KA9_1; Onder_2_KA9_2; Onder_2_KA9_3",30,1,"2"
"Onder","NS","M","MA","MA12",3,"Onder_2_MA12_1; Onder_2_MA12_2; Onder_2_MA12_3",30,1,"2"
"Onder","NS","M","MA","MA13",3,"Onder_2_MA13_1; Onder_2_MA13_2; Onder_2_MA13_3",30,1,"2"
"Onder","NS","M","MA","MA16",3,"Onder_2_MA16_1; Onder_2_MA16_2; Onder_2_MA16_3",31,1,"2"
"Onder","NS","M","MA","MA18",3,"Onder_2_MA18_1; Onder_2_MA18_2; Onder_2_MA18_3",30,1,"2"
"Onder","NS","M","MA","MA19",3,"Onder_2_MA19_1; Onder_2_MA19_2; Onder_2_MA19_3",31,1,"2"
"Onder","NS","M","MA","MA20",3,"Onder_3_MA20_1; Onder_3_MA20_2; Onder_3_MA20_3",30,1,"3"
"Onder","NS","M","MA","MA21",3,"Onder_3_MA21_1; Onder_3_MA21_2; Onder_3_MA21_3",30,1,"3"
"Onder","NS","M","MA","MA23",3,"Onder_3_MA23_1; Onder_3_MA23_2; Onder_3_MA23_3",30,1,"3"
"Onder","NS","M","MA","MA26",3,"Onder_3_MA26_1; Onder_3_MA26_2; Onder_3_MA26_3",30,1,"3"
"Onder","NS","M","MA","MA27",3,"Onder_3_MA27_1; Onder_3_MA27_2; Onder_3_MA27_3",30,1,"3"
"Onder","NS","M","MA","MA28",3,"Onder_4_MA28_1; Onder_4_MA28_2; Onder_4_MA28_3",30,1,"4"
"Onder","NS","M","MA","MA3",3,"Onder_1_MA3_1; Onder_1_MA3_2; Onder_1_MA3_3",30,1,"1"
"Onder","NS","M","MA","MA30",3,"Onder_4_MA30_1; Onder_4_MA30_2; Onder_4_MA30_3",30,1,"4"
"Onder","NS","M","MA","MA31",3,"Onder_4_MA31_1; Onder_4_MA31_2; Onder_4_MA31_3",30,1,"4"
"Onder","NS","M","MA","MA32",3,"Onder_4_MA32_1; Onder_4_MA32_2; Onder_4_MA32_3",30,1,"4"
"Onder","NS","M","MA","MA33",3,"Onder_4_MA33_1; Onder_4_MA33_2; Onder_4_MA33_3",30,1,"4"
"Onder","NS","M","MA","MA5",3,"Onder_1_MA5_1; Onder_1_MA5_2; Onder_1_MA5_3",30,1,"1"
"Onder","NS","M","MA","MA6",3,"Onder_1_MA6_1; Onder_1_MA6_2; Onder_1_MA6_3",30,1,"1"
"Onder","NS","M","MA","MA7",3,"Onder_1_MA7_1; Onder_1_MA7_2; Onder_1_MA7_3",30,1,"1"
"Onder","NS","M","MA","MA9",3,"Onder_1_MA9_1; Onder_1_MA9_2; Onder_1_MA9_3",30,1,"1"
"Onder","NS","M","MU","MU1",3,"Onder_5_MU1_1; Onder_5_MU1_2; Onder_5_MU1_3",30,1,"5"
"Onder","NS","M","MU","MU10",3,"Onder_2_MU10_1; Onder_2_MU10_2; Onder_2_MU10_3",30,1,"2"
"Onder","NS","M","MU","MU11",3,"Onder_3_MU11_1; Onder_3_MU11_2; Onder_3_MU11_3",30,1,"3"
"Onder","NS","M","MU","MU12",3,"Onder_3_MU12_1; Onder_3_MU12_2; Onder_3_MU12_3",30,1,"3"
"Onder","NS","M","MU","MU13",3,"Onder_3_MU13_1; Onder_3_MU13_2; Onder_3_MU13_3",30,1,"3"
"Onder","NS","M","MU","MU14",3,"Onder_5_MU14_1; Onder_5_MU14_2; Onder_5_MU14_3",30,1,"5"
"Onder","NS","M","MU","MU15",3,"Onder_3_MU15_1; Onder_3_MU15_2; Onder_3_MU15_3",30,1,"3"
"Onder","NS","M","MU","MU16",3,"Onder_4_MU16_1; Onder_4_MU16_2; Onder_4_MU16_3",30,1,"4"
"Onder","NS","M","MU","MU17",3,"Onder_4_MU17_1; Onder_4_MU17_2; Onder_4_MU17_3",30,1,"4"
"Onder","NS","M","MU","MU18",3,"Onder_4_MU18_1; Onder_4_MU18_2; Onder_4_MU18_3",30,1,"4"
"Onder","NS","M","MU","MU19",3,"Onder_4_MU19_1; Onder_4_MU19_2; Onder_4_MU19_3",30,1,"4"
"Onder","NS","M","MU","MU2",3,"Onder_1_MU2_1; Onder_1_MU2_2; Onder_1_MU2_3",31,1,"1"
"Onder","NS","M","MU","MU20",3,"Onder_5_MU20_1; Onder_5_MU20_2; Onder_5_MU20_3",30,1,"5"
"Onder","NS","M","MU","MU3",21,"Onder_1_MU3_1; Onder_1_MU3_2; Onder_1_MU3_3; Onder_2_MU3_1; Onder_2_MU3_2; Onder_2_MU3_3; Onder_3_MU3_1; Onder_3_MU3_2; Onder_3_MU3_3; Onder_4_MU3_1; Onder_4_MU3_2; Onder_4_MU3_3; Onder_5_MU3_1; Onder_5_MU3_2; Onder_5_MU3_3; Onder_6_MU3_1; Onder_6_MU3_2; Onder_6_MU3_3; Onder_7_MU3_1; Onder_7_MU3_2; Onder_7_MU3_3",210,7,"1; 2; 3; 4; 5; 6; 7"
"Onder","NS","M","MU","MU4",3,"Onder_7_MU4_1; Onder_7_MU4_2; Onder_7_MU4_3",30,1,"7"
"Onder","NS","M","MU","MU5",3,"Onder_1_MU5_1; Onder_1_MU5_2; Onder_1_MU5_3",30,1,"1"
"Onder","NS","M","MU","MU6",3,"Onder_2_MU6_1; Onder_2_MU6_2; Onder_2_MU6_3",30,1,"2"
"Onder","NS","M","MU","MU7",3,"Onder_2_MU7_1; Onder_2_MU7_2; Onder_2_MU7_3",30,1,"2"
"Onder","NS","M","MU","MU8",3,"Onder_2_MU8_1; Onder_2_MU8_2; Onder_2_MU8_3",30,1,"2"
"Onder","NS","M","MU","MU9",3,"Onder_2_MU9_1; Onder_2_MU9_2; Onder_2_MU9_3",30,1,"2"
"Onder","NS","M","RE","RE1",3,"Onder_5_RE1_1; Onder_5_RE1_2; Onder_5_RE1_3",29,1,"5"
"Onder","NS","M","RE","RE10",3,"Onder_2_RE10_1; Onder_2_RE10_2; Onder_2_RE10_3",33,1,"2"
"Onder","NS","M","RE","RE11",3,"Onder_2_RE11_1; Onder_2_RE11_2; Onder_2_RE11_3",30,1,"2"
"Onder","NS","M","RE","RE12",3,"Onder_3_RE12_1; Onder_3_RE12_2; Onder_3_RE12_3",30,1,"3"
"Onder","NS","M","RE","RE13",3,"Onder_3_RE13_1; Onder_3_RE13_2; Onder_3_RE13_3",30,1,"3"
"Onder","NS","M","RE","RE15",3,"Onder_3_RE15_1; Onder_3_RE15_2; Onder_3_RE15_3",30,1,"3"
"Onder","NS","M","RE","RE16",3,"Onder_3_RE16_1; Onder_3_RE16_2; Onder_3_RE16_3",30,1,"3"
"Onder","NS","M","RE","RE17",3,"Onder_3_RE17_1; Onder_3_RE17_2; Onder_3_RE17_3",30,1,"3"
"Onder","NS","M","RE","RE18",3,"Onder_4_RE18_1; Onder_4_RE18_2; Onder_4_RE18_3",30,1,"4"
"Onder","NS","M","RE","RE2",3,"Onder_5_RE2_1; Onder_5_RE2_2; Onder_5_RE2_3",28,1,"5"
"Onder","NS","M","RE","RE3",3,"Onder_5_RE3_1; Onder_5_RE3_2; Onder_5_RE3_3",30,1,"5"
"Onder","NS","M","RE","RE4",3,"Onder_6_RE4_1; Onder_6_RE4_2; Onder_6_RE4_3",31,1,"6"
"Onder","NS","M","RE","RE5",3,"Onder_1_RE5_1; Onder_1_RE5_2; Onder_1_RE5_3",30,1,"1"
"Onder","NS","M","RE","RE6",3,"Onder_2_RE6_1; Onder_2_RE6_2; Onder_2_RE6_3",30,1,"2"
"Onder","NS","M","RE","RE7",3,"Onder_2_RE7_1; Onder_2_RE7_2; Onder_2_RE7_3",30,1,"2"
"Onder","NS","M","RE","RE8",2,"Onder_2_RE8_1; Onder_2_RE8_3",23,1,"2"
"Onder","NS","M","UM","UM13",3,"Onder_2_UM13_1; Onder_2_UM13_2; Onder_2_UM13_3",30,1,"2"
"Onder","NS","M","UM","UM17",3,"Onder_2_UM17_1; Onder_2_UM17_2; Onder_2_UM17_3",30,1,"2"
"Onder","NS","M","UM","UM18",3,"Onder_2_UM18_1; Onder_2_UM18_2; Onder_2_UM18_3",30,1,"2"
"Onder","NS","M","UM","UM2",3,"Onder_5_UM2_1; Onder_5_UM2_2; Onder_5_UM2_3",31,1,"5"
"Onder","NS","M","UM","UM20",3,"Onder_3_UM20_1; Onder_3_UM20_2; Onder_3_UM20_3",30,1,"3"
"Onder","NS","M","UM","UM21",3,"Onder_3_UM21_1; Onder_3_UM21_2; Onder_3_UM21_3",30,1,"3"
"Onder","NS","M","UM","UM22",3,"Onder_6_UM22_1; Onder_6_UM22_2; Onder_6_UM22_3",30,1,"6"
"Onder","NS","M","UM","UM23",3,"Onder_3_UM23_1; Onder_3_UM23_2; Onder_3_UM23_3",30,1,"3"
"Onder","NS","M","UM","UM25",3,"Onder_5_UM25_1; Onder_5_UM25_2; Onder_5_UM25_3",30,1,"5"
"Onder","NS","M","UM","UM26",3,"Onder_3_UM26_1; Onder_3_UM26_2; Onder_3_UM26_3",30,1,"3"
"Onder","NS","M","UM","UM28",3,"Onder_4_UM28_1; Onder_4_UM28_2; Onder_4_UM28_3",30,1,"4"
"Onder","NS","M","UM","UM29",3,"Onder_5_UM29_1; Onder_5_UM29_2; Onder_5_UM29_3",30,1,"5"
"Onder","NS","M","UM","UM4",3,"Onder_6_UM4_1; Onder_6_UM4_2; Onder_6_UM4_3",31,1,"6"
"Onder","NS","M","UM","UM5",3,"Onder_1_UM5_1; Onder_1_UM5_2; Onder_1_UM5_3",32,1,"1"
"Onder","NS","M","UM","UM6",3,"Onder_5_UM6_1; Onder_5_UM6_2; Onder_5_UM6_3",31,1,"5"
"Onder","NS","M","UM","UM7",3,"Onder_1_UM7_1; Onder_1_UM7_2; Onder_1_UM7_3",32,1,"1"
"Onder","NS","M","UM","UM9",3,"Onder_2_UM9_1; Onder_2_UM9_2; Onder_2_UM9_3",30,1,"2"
"Onder","NS","M","VA","VA1",3,"Onder_1_VA1_1; Onder_1_VA1_2; Onder_1_VA1_3",31,1,"1"
"Onder","NS","M","VA","VA11",3,"Onder_1_VA11_1; Onder_1_VA11_2; Onder_1_VA11_3",30,1,"1"
"Onder","NS","M","VA","VA15",3,"Onder_5_VA15_1; Onder_5_VA15_2; Onder_5_VA15_3",32,1,"5"
"Onder","NS","M","VA","VA18",3,"Onder_2_VA18_1; Onder_2_VA18_2; Onder_2_VA18_3",30,1,"2"
"Onder","NS","M","VA","VA22",3,"Onder_2_VA22_1; Onder_2_VA22_2; Onder_2_VA22_3",32,1,"2"
"Onder","NS","M","VA","VA26",3,"Onder_2_VA26_1; Onder_2_VA26_2; Onder_2_VA26_3",30,1,"2"
"Onder","NS","M","VA","VA30",3,"Onder_2_VA30_1; Onder_2_VA30_2; Onder_2_VA30_3",30,1,"2"
"Onder","NS","M","VA","VA34",3,"Onder_2_VA34_1; Onder_2_VA34_2; Onder_2_VA34_3",35,1,"2"
"Onder","NS","M","VA","VA35",3,"Onder_3_VA35_1; Onder_3_VA35_2; Onder_3_VA35_3",30,1,"3"
"Onder","NS","M","VA","VA44",3,"Onder_3_VA44_1; Onder_3_VA44_2; Onder_3_VA44_3",30,1,"3"
"Onder","NS","M","VA","VA46",3,"Onder_3_VA46_1; Onder_3_VA46_2; Onder_3_VA46_3",30,1,"3"
"Onder","NS","M","VA","VA47",3,"Onder_5_VA47_1; Onder_5_VA47_2; Onder_5_VA47_3",30,1,"5"
"Onder","NS","M","VA","VA48",3,"Onder_3_VA48_1; Onder_3_VA48_2; Onder_3_VA48_3",30,1,"3"
"Onder","NS","M","VA","VA55",3,"Onder_4_VA55_1; Onder_4_VA55_2; Onder_4_VA55_3",30,1,"4"
"Onder","NS","M","VA","VA57",3,"Onder_5_VA57_1; Onder_5_VA57_2; Onder_5_VA57_3",30,1,"5"
"Onder","NS","M","VA","VA6",3,"Onder_1_VA6_1; Onder_1_VA6_2; Onder_1_VA6_3",30,1,"1"
"Onder","NS","M","VA","VA66",3,"Onder_5_VA66_1; Onder_5_VA66_2; Onder_5_VA66_3",30,1,"5"
"Onder","NS","M","VA","VA67",3,"Onder_4_VA67_1; Onder_4_VA67_2; Onder_4_VA67_3",30,1,"4"
"Onder","NS","M","VA","VA71",3,"Onder_4_VA71_1; Onder_4_VA71_2; Onder_4_VA71_3",30,1,"4"
"Onder","NS","M","VA","VA9",3,"Onder_1_VA9_1; Onder_1_VA9_2; Onder_1_VA9_3",33,1,"1"
"Onder","NS","M","YE","YE13",3,"Onder_1_YE13_1; Onder_1_YE13_2; Onder_1_YE13_3",30,1,"1"
"Onder","NS","M","YE","YE14",3,"Onder_1_YE14_1; Onder_1_YE14_2; Onder_1_YE14_3",31,1,"1"
"Onder","NS","M","YE","YE15",3,"Onder_6_YE15_1; Onder_6_YE15_2; Onder_6_YE15_3",28,1,"6"
"Onder","NS","M","YE","YE19",3,"Onder_1_YE19_1; Onder_1_YE19_2; Onder_1_YE19_3",29,1,"1"
"Onder","NS","M","YE","YE20",3,"Onder_2_YE20_1; Onder_2_YE20_2; Onder_2_YE20_3",30,1,"2"
"Onder","NS","M","YE","YE21",3,"Onder_2_YE21_1; Onder_2_YE21_2; Onder_2_YE21_3",30,1,"2"
"Onder","NS","M","YE","YE22",3,"Onder_2_YE22_1; Onder_2_YE22_2; Onder_2_YE22_3",33,1,"2"
"Onder","NS","M","YE","YE23",3,"Onder_2_YE23_1; Onder_2_YE23_2; Onder_2_YE23_3",30,1,"2"
"Onder","NS","M","YE","YE24",3,"Onder_2_YE24_1; Onder_2_YE24_2; Onder_2_YE24_3",30,1,"2"
"Onder","NS","M","YE","YE26",3,"Onder_5_YE26_1; Onder_5_YE26_2; Onder_5_YE26_3",31,1,"5"
"Onder","NS","M","YE","YE27",3,"Onder_3_YE27_1; Onder_3_YE27_2; Onder_3_YE27_3",30,1,"3"
"Onder","NS","M","YE","YE33",3,"Onder_3_YE33_1; Onder_3_YE33_2; Onder_3_YE33_3",29,1,"3"
"Onder","NS","M","YE","YE40",3,"Onder_3_YE40_1; Onder_3_YE40_2; Onder_3_YE40_3",31,1,"3"
"Onder","NS","M","YE","YE41",3,"Onder_3_YE41_1; Onder_3_YE41_2; Onder_3_YE41_3",30,1,"3"
"Onder","NS","M","YE","YE48",3,"Onder_5_YE48_1; Onder_5_YE48_2; Onder_5_YE48_3",30,1,"5"
"Onder","NS","M","YE","YE49",3,"Onder_4_YE49_1; Onder_4_YE49_2; Onder_4_YE49_3",30,1,"4"
"Onder","NS","M","YE","YE51",3,"Onder_5_YE51_1; Onder_5_YE51_2; Onder_5_YE51_3",30,1,"5"
"Onder","NS","M","YE","YE69",3,"Onder_4_YE69_1; Onder_4_YE69_2; Onder_4_YE69_3",30,1,"4"
"Onder","NS","M","YE","YE80",3,"Onder_4_YE80_1; Onder_4_YE80_2; Onder_4_YE80_3",30,1,"4"
"Posnien","S","F","AK","AK12",1,"Posnien_1_AK12_1",10,1,"1"
"Posnien","S","F","AK","AK3",1,"Posnien_1_AK3_1",10,1,"1"
"Posnien","S","F","AK","AK7",1,"Posnien_1_AK7_1",10,1,"1"
"Posnien","S","F","GI","GI10",1,"Posnien_1_GI10_1",10,1,"1"
"Posnien","S","F","GI","GI14",1,"Posnien_1_GI14_1",10,1,"1"
"Posnien","S","F","GI","GI7",1,"Posnien_1_GI7_1",10,1,"1"
"Posnien","S","F","KA","KA16",1,"Posnien_1_KA16_1",10,1,"1"
"Posnien","S","F","KA","KA6",1,"Posnien_1_KA6_1",10,1,"1"
"Posnien","S","F","KA","KA7",1,"Posnien_1_KA7_1",10,1,"1"
"Posnien","S","F","MA","MA13",1,"Posnien_1_MA13_1",10,1,"1"
"Posnien","S","F","MA","MA3",1,"Posnien_1_MA3_1",10,1,"1"
"Posnien","S","F","MA","MA30",1,"Posnien_1_MA30_1",10,1,"1"
"Posnien","S","F","MU","MU11",1,"Posnien_1_MU11_1",10,1,"1"
"Posnien","S","F","MU","MU15",1,"Posnien_1_MU15_1",10,1,"1"
"Posnien","S","F","MU","MU4",1,"Posnien_1_MU4_1",10,1,"1"
"Posnien","S","F","RE","RE11",1,"Posnien_1_RE11_1",10,1,"1"
"Posnien","S","F","RE","RE15",1,"Posnien_1_RE15_1",10,1,"1"
"Posnien","S","F","RE","RE18",1,"Posnien_1_RE18_1",10,1,"1"
"Posnien","S","F","UM","UM20",1,"Posnien_1_UM20_1",10,1,"1"
"Posnien","S","F","UM","UM5",1,"Posnien_1_UM5_1",10,1,"1"
"Posnien","S","F","UM","UM9",1,"Posnien_1_UM9_1",10,1,"1"
"Posnien","S","F","VA","VA15",1,"Posnien_1_VA15_1",10,1,"1"
"Posnien","S","F","VA","VA48",1,"Posnien_1_VA48_1",10,1,"1"
"Posnien","S","F","VA","VA6",1,"Posnien_1_VA6_1",10,1,"1"
"Posnien","S","F","YE","YE14",1,"Posnien_1_YE14_1",10,1,"1"
"Posnien","S","F","YE","YE19",1,"Posnien_1_YE19_1",10,1,"1"
"Posnien","S","F","YE","YE21",1,"Posnien_1_YE21_1",10,1,"1"
"Posnien","S","M","AK","AK12",1,"Posnien_1_AK12_1",10,1,"1"
"Posnien","S","M","AK","AK3",1,"Posnien_1_AK3_1",10,1,"1"
"Posnien","S","M","AK","AK7",1,"Posnien_1_AK7_1",10,1,"1"
"Posnien","S","M","GI","GI10",1,"Posnien_1_GI10_1",10,1,"1"
"Posnien","S","M","GI","GI14",1,"Posnien_1_GI14_1",10,1,"1"
"Posnien","S","M","GI","GI7",1,"Posnien_1_GI7_1",10,1,"1"
"Posnien","S","M","KA","KA16",1,"Posnien_1_KA16_1",10,1,"1"
"Posnien","S","M","KA","KA6",1,"Posnien_1_KA6_1",10,1,"1"
"Posnien","S","M","KA","KA7",1,"Posnien_1_KA7_1",10,1,"1"
"Posnien","S","M","MA","MA13",1,"Posnien_1_MA13_1",10,1,"1"
"Posnien","S","M","MA","MA3",1,"Posnien_1_MA3_1",10,1,"1"
"Posnien","S","M","MA","MA30",1,"Posnien_1_MA30_1",10,1,"1"
"Posnien","S","M","MU","MU11",1,"Posnien_1_MU11_1",10,1,"1"
"Posnien","S","M","MU","MU15",1,"Posnien_1_MU15_1",10,1,"1"
"Posnien","S","M","MU","MU4",1,"Posnien_1_MU4_1",10,1,"1"
"Posnien","S","M","RE","RE11",1,"Posnien_1_RE11_1",10,1,"1"
"Posnien","S","M","RE","RE15",1,"Posnien_1_RE15_1",10,1,"1"
"Posnien","S","M","RE","RE18",1,"Posnien_1_RE18_1",10,1,"1"
"Posnien","S","M","UM","UM20",1,"Posnien_1_UM20_1",10,1,"1"
"Posnien","S","M","UM","UM5",1,"Posnien_1_UM5_1",10,1,"1"
"Posnien","S","M","UM","UM9",1,"Posnien_1_UM9_1",10,1,"1"
"Posnien","S","M","VA","VA15",1,"Posnien_1_VA15_1",10,1,"1"
"Posnien","S","M","VA","VA48",1,"Posnien_1_VA48_1",10,1,"1"
"Posnien","S","M","VA","VA6",1,"Posnien_1_VA6_1",10,1,"1"
"Posnien","S","M","YE","YE14",1,"Posnien_1_YE14_1",10,1,"1"
"Posnien","S","M","YE","YE19",1,"Posnien_1_YE19_1",10,1,"1"
"Posnien","S","M","YE","YE21",1,"Posnien_1_YE21_1",10,1,"1"
"Ritchie","S","F","AK","AK1",3,"Ritchie_2_AK1_1; Ritchie_2_AK1_2; Ritchie_2_AK1_3",20,1,"2"
"Ritchie","S","F","AK","AK2",3,"Ritchie_6_AK2_1; Ritchie_6_AK2_2; Ritchie_6_AK2_3",29,1,"6"
"Ritchie","S","F","AK","AK3",3,"Ritchie_9_AK3_1; Ritchie_9_AK3_2; Ritchie_9_AK3_3",34,1,"9"
"Ritchie","S","F","AK","AK4",3,"Ritchie_12_AK4_1; Ritchie_12_AK4_2; Ritchie_12_AK4_3",32,1,"12"
"Ritchie","S","F","GI","GI1",2,"Ritchie_2_GI1_1; Ritchie_2_GI1_3",20,1,"2"
"Ritchie","S","F","GI","GI2",3,"Ritchie_6_GI2_1; Ritchie_6_GI2_2; Ritchie_6_GI2_3",27,1,"6"
"Ritchie","S","F","GI","GI3",3,"Ritchie_9_GI3_1; Ritchie_9_GI3_2; Ritchie_9_GI3_3",36,1,"9"
"Ritchie","S","F","GI","GI4",3,"Ritchie_12_GI4_1; Ritchie_12_GI4_2; Ritchie_12_GI4_3",32,1,"12"
"Ritchie","S","F","GI","GI5",3,"Ritchie_15_GI5_1; Ritchie_15_GI5_2; Ritchie_15_GI5_3",31,1,"15"
"Ritchie","S","F","GI","GI6",1,"Ritchie_15_GI6_2",1,1,"15"
"Ritchie","S","F","GI","GI7",1,"Ritchie_15_GI7_2",1,1,"15"
"Ritchie","S","F","GI","GI8",1,"Ritchie_15_GI8_2",1,1,"15"
"Ritchie","S","F","GI","GI9",1,"Ritchie_15_GI9_2",1,1,"15"
"Ritchie","S","F","KA","KA1",3,"Ritchie_1_KA1_1; Ritchie_1_KA1_2; Ritchie_1_KA1_3",35,1,"1"
"Ritchie","S","F","KA","KA2",3,"Ritchie_4_KA2_1; Ritchie_4_KA2_2; Ritchie_4_KA2_3",28,1,"4"
"Ritchie","S","F","KA","KA5",3,"Ritchie_10_KA5_1; Ritchie_10_KA5_2; Ritchie_10_KA5_3",31,1,"10"
"Ritchie","S","F","KA","KA6",3,"Ritchie_13_KA6_1; Ritchie_13_KA6_2; Ritchie_13_KA6_3",34,1,"13"
"Ritchie","S","F","MA","MA3",3,"Ritchie_1_MA3_1; Ritchie_1_MA3_2; Ritchie_1_MA3_3",30,1,"1"
"Ritchie","S","F","MA","MA5",3,"Ritchie_4_MA5_1; Ritchie_4_MA5_2; Ritchie_4_MA5_3",35,1,"4"
"Ritchie","S","F","MA","MA6",3,"Ritchie_7_MA6_1; Ritchie_7_MA6_2; Ritchie_7_MA6_3",33,1,"7"
"Ritchie","S","F","MA","MA7",3,"Ritchie_10_MA7_1; Ritchie_10_MA7_2; Ritchie_10_MA7_3",29,1,"10"
"Ritchie","S","F","MA","MA9",3,"Ritchie_13_MA9_1; Ritchie_13_MA9_2; Ritchie_13_MA9_3",35,1,"13"
"Ritchie","S","F","MU","MU1",3,"Ritchie_3_MU1_1; Ritchie_3_MU1_2; Ritchie_3_MU1_3",34,1,"3"
"Ritchie","S","F","MU","MU2",3,"Ritchie_4_MU2_1; Ritchie_4_MU2_2; Ritchie_4_MU2_3",33,1,"4"
"Ritchie","S","F","MU","MU3",3,"Ritchie_7_MU3_1; Ritchie_7_MU3_2; Ritchie_7_MU3_3",30,1,"7"
"Ritchie","S","F","MU","MU4",3,"Ritchie_10_MU4_1; Ritchie_10_MU4_2; Ritchie_10_MU4_3",34,1,"10"
"Ritchie","S","F","MU","MU5",3,"Ritchie_13_MU5_1; Ritchie_13_MU5_2; Ritchie_13_MU5_3",33,1,"13"
"Ritchie","S","F","RE","RE1",3,"Ritchie_1_RE1_1; Ritchie_1_RE1_2; Ritchie_1_RE1_3",41,1,"1"
"Ritchie","S","F","RE","RE2",3,"Ritchie_5_RE2_1; Ritchie_5_RE2_2; Ritchie_5_RE2_3",26,1,"5"
"Ritchie","S","F","RE","RE3",3,"Ritchie_8_RE3_1; Ritchie_8_RE3_2; Ritchie_8_RE3_3",40,1,"8"
"Ritchie","S","F","RE","RE4",3,"Ritchie_10_RE4_1; Ritchie_10_RE4_2; Ritchie_10_RE4_3",34,1,"10"
"Ritchie","S","F","RE","RE5",3,"Ritchie_14_RE5_1; Ritchie_14_RE5_2; Ritchie_14_RE5_3",33,1,"14"
"Ritchie","S","F","UM","UM2",3,"Ritchie_3_UM2_1; Ritchie_3_UM2_2; Ritchie_3_UM2_3",29,1,"3"
"Ritchie","S","F","UM","UM4",3,"Ritchie_5_UM4_1; Ritchie_5_UM4_2; Ritchie_5_UM4_3",32,1,"5"
"Ritchie","S","F","UM","UM5",3,"Ritchie_8_UM5_1; Ritchie_8_UM5_2; Ritchie_8_UM5_3",32,1,"8"
"Ritchie","S","F","UM","UM7",3,"Ritchie_11_UM7_1; Ritchie_11_UM7_2; Ritchie_11_UM7_3",34,1,"11"
"Ritchie","S","F","UM","UM8",3,"Ritchie_14_UM8_1; Ritchie_14_UM8_2; Ritchie_14_UM8_3",33,1,"14"
"Ritchie","S","F","VA","VA1",3,"Ritchie_2_VA1_1; Ritchie_2_VA1_2; Ritchie_2_VA1_3",26,1,"2"
"Ritchie","S","F","VA","VA11",3,"Ritchie_11_VA11_1; Ritchie_11_VA11_2; Ritchie_11_VA11_3",27,1,"11"
"Ritchie","S","F","VA","VA15",3,"Ritchie_14_VA15_1; Ritchie_14_VA15_2; Ritchie_14_VA15_3",35,1,"14"
"Ritchie","S","F","VA","VA6",3,"Ritchie_5_VA6_1; Ritchie_5_VA6_2; Ritchie_5_VA6_3",33,1,"5"
"Ritchie","S","F","VA","VA9",3,"Ritchie_8_VA9_1; Ritchie_8_VA9_2; Ritchie_8_VA9_3",38,1,"8"
"Ritchie","S","F","YE","YE11",3,"Ritchie_3_YE11_1; Ritchie_3_YE11_2; Ritchie_3_YE11_3",31,1,"3"
"Ritchie","S","F","YE","YE13",3,"Ritchie_6_YE13_1; Ritchie_6_YE13_2; Ritchie_6_YE13_3",36,1,"6"
"Ritchie","S","F","YE","YE14",3,"Ritchie_9_YE14_1; Ritchie_9_YE14_2; Ritchie_9_YE14_3",31,1,"9"
"Ritchie","S","F","YE","YE15",3,"Ritchie_11_YE15_1; Ritchie_11_YE15_2; Ritchie_11_YE15_3",23,1,"11"
"Ritchie","S","F","YE","YE19",3,"Ritchie_15_YE19_1; Ritchie_15_YE19_2; Ritchie_15_YE19_3",34,1,"15"
"Ritchie","S","M","AK","AK1",3,"Ritchie_2_AK1_1; Ritchie_2_AK1_2; Ritchie_2_AK1_3",22,1,"2"
"Ritchie","S","M","AK","AK2",3,"Ritchie_6_AK2_1; Ritchie_6_AK2_2; Ritchie_6_AK2_3",31,1,"6"
"Ritchie","S","M","AK","AK3",3,"Ritchie_9_AK3_1; Ritchie_9_AK3_2; Ritchie_9_AK3_3",35,1,"9"
"Ritchie","S","M","AK","AK4",3,"Ritchie_12_AK4_1; Ritchie_12_AK4_2; Ritchie_12_AK4_3",34,1,"12"
"Ritchie","S","M","GI","GI1",3,"Ritchie_2_GI1_1; Ritchie_2_GI1_2; Ritchie_2_GI1_3",23,1,"2"
"Ritchie","S","M","GI","GI2",3,"Ritchie_6_GI2_1; Ritchie_6_GI2_2; Ritchie_6_GI2_3",33,1,"6"
"Ritchie","S","M","GI","GI3",3,"Ritchie_9_GI3_1; Ritchie_9_GI3_2; Ritchie_9_GI3_3",37,1,"9"
"Ritchie","S","M","GI","GI4",3,"Ritchie_12_GI4_1; Ritchie_12_GI4_2; Ritchie_12_GI4_3",31,1,"12"
"Ritchie","S","M","GI","GI5",3,"Ritchie_15_GI5_1; Ritchie_15_GI5_2; Ritchie_15_GI5_3",31,1,"15"
"Ritchie","S","M","KA","KA1",3,"Ritchie_1_KA1_1; Ritchie_1_KA1_2; Ritchie_1_KA1_3",29,1,"1"
"Ritchie","S","M","KA","KA2",3,"Ritchie_4_KA2_1; Ritchie_4_KA2_2; Ritchie_4_KA2_3",30,1,"4"
"Ritchie","S","M","KA","KA3",3,"Ritchie_7_KA3_1; Ritchie_7_KA3_2; Ritchie_7_KA3_3",32,1,"7"
"Ritchie","S","M","KA","KA5",3,"Ritchie_10_KA5_1; Ritchie_10_KA5_2; Ritchie_10_KA5_3",32,1,"10"
"Ritchie","S","M","KA","KA6",3,"Ritchie_13_KA6_1; Ritchie_13_KA6_2; Ritchie_13_KA6_3",28,1,"13"
"Ritchie","S","M","MA","MA3",3,"Ritchie_1_MA3_1; Ritchie_1_MA3_2; Ritchie_1_MA3_3",30,1,"1"
"Ritchie","S","M","MA","MA5",3,"Ritchie_4_MA5_1; Ritchie_4_MA5_2; Ritchie_4_MA5_3",33,1,"4"
"Ritchie","S","M","MA","MA6",3,"Ritchie_7_MA6_1; Ritchie_7_MA6_2; Ritchie_7_MA6_3",29,1,"7"
"Ritchie","S","M","MA","MA7",3,"Ritchie_10_MA7_1; Ritchie_10_MA7_2; Ritchie_10_MA7_3",33,1,"10"
"Ritchie","S","M","MA","MA9",3,"Ritchie_13_MA9_1; Ritchie_13_MA9_2; Ritchie_13_MA9_3",30,1,"13"
"Ritchie","S","M","MU","MU1",3,"Ritchie_3_MU1_1; Ritchie_3_MU1_2; Ritchie_3_MU1_3",32,1,"3"
"Ritchie","S","M","MU","MU2",3,"Ritchie_4_MU2_1; Ritchie_4_MU2_2; Ritchie_4_MU2_3",31,1,"4"
"Ritchie","S","M","MU","MU3",3,"Ritchie_7_MU3_1; Ritchie_7_MU3_2; Ritchie_7_MU3_3",30,1,"7"
"Ritchie","S","M","MU","MU4",3,"Ritchie_10_MU4_1; Ritchie_10_MU4_2; Ritchie_10_MU4_3",31,1,"10"
"Ritchie","S","M","MU","MU5",3,"Ritchie_13_MU5_1; Ritchie_13_MU5_2; Ritchie_13_MU5_3",33,1,"13"
"Ritchie","S","M","RE","RE1",3,"Ritchie_1_RE1_1; Ritchie_1_RE1_2; Ritchie_1_RE1_3",36,1,"1"
"Ritchie","S","M","RE","RE2",3,"Ritchie_5_RE2_1; Ritchie_5_RE2_2; Ritchie_5_RE2_3",34,1,"5"
"Ritchie","S","M","RE","RE3",3,"Ritchie_8_RE3_1; Ritchie_8_RE3_2; Ritchie_8_RE3_3",41,1,"8"
"Ritchie","S","M","RE","RE4",3,"Ritchie_10_RE4_1; Ritchie_10_RE4_2; Ritchie_10_RE4_3",33,1,"10"
"Ritchie","S","M","RE","RE5",3,"Ritchie_14_RE5_1; Ritchie_14_RE5_2; Ritchie_14_RE5_3",33,1,"14"
"Ritchie","S","M","UM","UM2",3,"Ritchie_3_UM2_1; Ritchie_3_UM2_2; Ritchie_3_UM2_3",26,1,"3"
"Ritchie","S","M","UM","UM4",3,"Ritchie_5_UM4_1; Ritchie_5_UM4_2; Ritchie_5_UM4_3",31,1,"5"
"Ritchie","S","M","UM","UM5",3,"Ritchie_8_UM5_1; Ritchie_8_UM5_2; Ritchie_8_UM5_3",32,1,"8"
"Ritchie","S","M","UM","UM7",3,"Ritchie_11_UM7_1; Ritchie_11_UM7_2; Ritchie_11_UM7_3",31,1,"11"
"Ritchie","S","M","UM","UM8",3,"Ritchie_14_UM8_1; Ritchie_14_UM8_2; Ritchie_14_UM8_3",32,1,"14"
"Ritchie","S","M","VA","VA1",3,"Ritchie_2_VA1_1; Ritchie_2_VA1_2; Ritchie_2_VA1_3",24,1,"2"
"Ritchie","S","M","VA","VA11",3,"Ritchie_11_VA11_1; Ritchie_11_VA11_2; Ritchie_11_VA11_3",32,1,"11"
"Ritchie","S","M","VA","VA15",3,"Ritchie_14_VA15_1; Ritchie_14_VA15_2; Ritchie_14_VA15_3",35,1,"14"
"Ritchie","S","M","VA","VA6",3,"Ritchie_5_VA6_1; Ritchie_5_VA6_2; Ritchie_5_VA6_3",26,1,"5"
"Ritchie","S","M","VA","VA9",3,"Ritchie_8_VA9_1; Ritchie_8_VA9_2; Ritchie_8_VA9_3",32,1,"8"
"Ritchie","S","M","YE","YE11",3,"Ritchie_3_YE11_1; Ritchie_3_YE11_2; Ritchie_3_YE11_3",31,1,"3"
"Ritchie","S","M","YE","YE13",3,"Ritchie_6_YE13_1; Ritchie_6_YE13_2; Ritchie_6_YE13_3",29,1,"6"
"Ritchie","S","M","YE","YE14",3,"Ritchie_9_YE14_1; Ritchie_9_YE14_2; Ritchie_9_YE14_3",29,1,"9"
"Ritchie","S","M","YE","YE15",3,"Ritchie_11_YE15_1; Ritchie_11_YE15_2; Ritchie_11_YE15_3",30,1,"11"
"Ritchie","S","M","YE","YE19",3,"Ritchie_15_YE19_1; Ritchie_15_YE19_2; Ritchie_15_YE19_3",31,1,"15"
